id,source,origin,destination,travel_date,advance_purchase_days,base_fare,taxes_fees,fare_total,scraped_at,status
1,EaseMyTrip,DEL,BOM,2026-08-02,1,5677.62,1601.38,7279.0,2026-08-01 08:15:00,SIMULATED_BACKTEST
2,EaseMyTrip,DEL,BOM,2026-08-08,7,4495.14,1267.86,5763.0,2026-08-01 08:15:00,SIMULATED_BACKTEST
3,EaseMyTrip,DEL,BOM,2026-08-16,15,3767.4,1062.6,4830.0,2026-08-01 08:15:00,SIMULATED_BACKTEST
4,EaseMyTrip,DEL,BOM,2026-08-31,30,3289.26,927.74,4217.0,2026-08-01 08:15:00,SIMULATED_BACKTEST
5,EaseMyTrip,DEL,BOM,2026-09-15,45,3039.66,857.34,3897.0,2026-08-01 08:15:00,SIMULATED_BACKTEST
6,EaseMyTrip,BLR,DEL,2026-08-02,1,6536.4,1843.6,8380.0,2026-08-01 08:15:00,SIMULATED_BACKTEST
7,EaseMyTrip,BLR,DEL,2026-08-08,7,5152.37,1453.23,6605.6,2026-08-01 08:15:00,SIMULATED_BACKTEST
8,EaseMyTrip,BLR,DEL,2026-08-16,15,4335.24,1222.76,5558.0,2026-08-01 08:15:00,SIMULATED_BACKTEST
9,EaseMyTrip,BLR,DEL,2026-08-31,30,3901.25,1100.35,5001.6,2026-08-01 08:15:00,SIMULATED_BACKTEST
10,EaseMyTrip,BLR,DEL,2026-09-15,45,3493.62,985.38,4479.0,2026-08-01 08:15:00,SIMULATED_BACKTEST
11,EaseMyTrip,BLR,BOM,2026-08-02,1,4035.72,1138.28,5174.0,2026-08-01 08:15:00,SIMULATED_BACKTEST
12,EaseMyTrip,BLR,BOM,2026-08-08,7,3205.8,904.2,4110.0,2026-08-01 08:15:00,SIMULATED_BACKTEST
13,EaseMyTrip,BLR,BOM,2026-08-16,15,2695.68,760.32,3456.0,2026-08-01 08:15:00,SIMULATED_BACKTEST
14,EaseMyTrip,BLR,BOM,2026-08-31,30,2371.98,669.02,3041.0,2026-08-01 08:15:00,SIMULATED_BACKTEST
15,EaseMyTrip,BLR,BOM,2026-09-15,45,2113.8,596.2,2710.0,2026-08-01 08:15:00,SIMULATED_BACKTEST
16,EaseMyTrip,DEL,HYD,2026-08-02,1,4844.58,1366.42,6211.0,2026-08-01 08:15:00,SIMULATED_BACKTEST
17,EaseMyTrip,DEL,HYD,2026-08-08,7,3822.47,1078.13,4900.6,2026-08-01 08:15:00,SIMULATED_BACKTEST
18,EaseMyTrip,DEL,HYD,2026-08-16,15,3182.4,897.6,4080.0,2026-08-01 08:15:00,SIMULATED_BACKTEST
19,EaseMyTrip,DEL,HYD,2026-08-31,30,2816.27,794.33,3610.6,2026-08-01 08:15:00,SIMULATED_BACKTEST
20,EaseMyTrip,DEL,HYD,2026-09-15,45,2547.48,718.52,3266.0,2026-08-01 08:15:00,SIMULATED_BACKTEST
21,EaseMyTrip,DEL,PNQ,2026-08-02,1,4575.48,1290.52,5866.0,2026-08-01 08:15:00,SIMULATED_BACKTEST
22,EaseMyTrip,DEL,PNQ,2026-08-08,7,3559.3,1003.9,4563.2,2026-08-01 08:15:00,SIMULATED_BACKTEST
23,EaseMyTrip,DEL,PNQ,2026-08-16,15,3081.78,869.22,3951.0,2026-08-01 08:15:00,SIMULATED_BACKTEST
24,EaseMyTrip,DEL,PNQ,2026-08-31,30,2663.08,751.12,3414.2,2026-08-01 08:15:00,SIMULATED_BACKTEST
25,EaseMyTrip,DEL,PNQ,2026-09-15,45,2407.86,679.14,3087.0,2026-08-01 08:15:00,SIMULATED_BACKTEST
26,EaseMyTrip,DEL,CCU,2026-08-02,1,5796.96,1635.04,7432.0,2026-08-01 08:15:00,SIMULATED_BACKTEST
27,EaseMyTrip,DEL,CCU,2026-08-08,7,4621.81,1303.59,5925.4,2026-08-01 08:15:00,SIMULATED_BACKTEST
28,EaseMyTrip,DEL,CCU,2026-08-16,15,3896.1,1098.9,4995.0,2026-08-01 08:15:00,SIMULATED_BACKTEST
29,EaseMyTrip,DEL,CCU,2026-08-31,30,3452.59,973.81,4426.4,2026-08-01 08:15:00,SIMULATED_BACKTEST
30,EaseMyTrip,DEL,CCU,2026-09-15,45,3116.1,878.9,3995.0,2026-08-01 08:15:00,SIMULATED_BACKTEST
31,EaseMyTrip,DEL,BOM,2026-08-03,1,5708.2,1610.0,7318.2,2026-08-02 09:18:00,SIMULATED_BACKTEST
32,EaseMyTrip,DEL,BOM,2026-08-09,7,4552.69,1284.09,5836.78,2026-08-02 09:18:00,SIMULATED_BACKTEST
33,EaseMyTrip,DEL,BOM,2026-08-17,15,3839.78,1083.02,4922.8,2026-08-02 09:18:00,SIMULATED_BACKTEST
34,EaseMyTrip,DEL,BOM,2026-09-01,30,3349.43,944.71,4294.14,2026-08-02 09:18:00,SIMULATED_BACKTEST
35,EaseMyTrip,DEL,BOM,2026-09-16,45,3029.55,854.49,3884.04,2026-08-02 09:18:00,SIMULATED_BACKTEST
36,EaseMyTrip,BLR,DEL,2026-08-03,1,6584.32,1857.12,8441.44,2026-08-02 09:18:00,SIMULATED_BACKTEST
37,EaseMyTrip,BLR,DEL,2026-08-09,7,5257.71,1482.94,6740.65,2026-08-02 09:18:00,SIMULATED_BACKTEST
38,EaseMyTrip,BLR,DEL,2026-08-17,15,4439.73,1252.23,5691.96,2026-08-02 09:18:00,SIMULATED_BACKTEST
39,EaseMyTrip,BLR,DEL,2026-09-01,30,3894.66,1098.5,4993.16,2026-08-02 09:18:00,SIMULATED_BACKTEST
40,EaseMyTrip,BLR,DEL,2026-09-16,45,3553.66,1002.31,4555.97,2026-08-02 09:18:00,SIMULATED_BACKTEST
41,EaseMyTrip,BLR,BOM,2026-08-03,1,4101.55,1156.85,5258.4,2026-08-02 09:18:00,SIMULATED_BACKTEST
42,EaseMyTrip,BLR,BOM,2026-08-09,7,3191.42,900.15,4091.57,2026-08-02 09:18:00,SIMULATED_BACKTEST
43,EaseMyTrip,BLR,BOM,2026-08-17,15,2728.91,769.69,3498.6,2026-08-02 09:18:00,SIMULATED_BACKTEST
44,EaseMyTrip,BLR,BOM,2026-09-01,30,2347.25,662.04,3009.29,2026-08-02 09:18:00,SIMULATED_BACKTEST
45,EaseMyTrip,BLR,BOM,2026-09-16,45,2190.3,617.78,2808.08,2026-08-02 09:18:00,SIMULATED_BACKTEST
46,EaseMyTrip,DEL,HYD,2026-08-03,1,4832.44,1363.0,6195.44,2026-08-02 09:18:00,SIMULATED_BACKTEST
47,EaseMyTrip,DEL,HYD,2026-08-09,7,3820.82,1077.67,4898.49,2026-08-02 09:18:00,SIMULATED_BACKTEST
48,EaseMyTrip,DEL,HYD,2026-08-17,15,3241.65,914.31,4155.96,2026-08-02 09:18:00,SIMULATED_BACKTEST
49,EaseMyTrip,DEL,HYD,2026-09-01,30,2887.25,814.35,3701.6,2026-08-02 09:18:00,SIMULATED_BACKTEST
50,EaseMyTrip,DEL,HYD,2026-09-16,45,2561.03,722.34,3283.37,2026-08-02 09:18:00,SIMULATED_BACKTEST
51,EaseMyTrip,DEL,PNQ,2026-08-03,1,4620.47,1303.21,5923.68,2026-08-02 09:18:00,SIMULATED_BACKTEST
52,EaseMyTrip,DEL,PNQ,2026-08-09,7,3565.32,1005.6,4570.92,2026-08-02 09:18:00,SIMULATED_BACKTEST
53,EaseMyTrip,DEL,PNQ,2026-08-17,15,3067.05,865.07,3932.12,2026-08-02 09:18:00,SIMULATED_BACKTEST
54,EaseMyTrip,DEL,PNQ,2026-09-01,30,2739.82,772.77,3512.59,2026-08-02 09:18:00,SIMULATED_BACKTEST
55,EaseMyTrip,DEL,PNQ,2026-09-16,45,2406.22,678.68,3084.9,2026-08-02 09:18:00,SIMULATED_BACKTEST
56,EaseMyTrip,DEL,CCU,2026-08-03,1,5818.61,1641.15,7459.76,2026-08-02 09:18:00,SIMULATED_BACKTEST
57,EaseMyTrip,DEL,CCU,2026-08-09,7,4571.9,1289.51,5861.41,2026-08-02 09:18:00,SIMULATED_BACKTEST
58,EaseMyTrip,DEL,CCU,2026-08-17,15,3947.46,1113.38,5060.84,2026-08-02 09:18:00,SIMULATED_BACKTEST
59,EaseMyTrip,DEL,CCU,2026-09-01,30,3487.74,983.72,4471.46,2026-08-02 09:18:00,SIMULATED_BACKTEST
60,EaseMyTrip,DEL,CCU,2026-09-16,45,3172.94,894.93,4067.87,2026-08-02 09:18:00,SIMULATED_BACKTEST
61,EaseMyTrip,DEL,BOM,2026-08-04,1,5815.99,1640.41,7456.4,2026-08-03 10:21:00,SIMULATED_BACKTEST
62,EaseMyTrip,DEL,BOM,2026-08-10,7,4552.52,1284.05,5836.57,2026-08-03 10:21:00,SIMULATED_BACKTEST
63,EaseMyTrip,DEL,BOM,2026-08-18,15,3842.75,1083.85,4926.6,2026-08-03 10:21:00,SIMULATED_BACKTEST
64,EaseMyTrip,DEL,BOM,2026-09-02,30,3430.67,967.62,4398.29,2026-08-03 10:21:00,SIMULATED_BACKTEST
65,EaseMyTrip,DEL,BOM,2026-09-17,45,3066.24,864.84,3931.08,2026-08-03 10:21:00,SIMULATED_BACKTEST
66,EaseMyTrip,BLR,DEL,2026-08-04,1,6710.25,1892.63,8602.88,2026-08-03 10:21:00,SIMULATED_BACKTEST
67,EaseMyTrip,BLR,DEL,2026-08-10,7,5301.43,1495.28,6796.71,2026-08-03 10:21:00,SIMULATED_BACKTEST
68,EaseMyTrip,BLR,DEL,2026-08-18,15,4431.12,1249.8,5680.92,2026-08-03 10:21:00,SIMULATED_BACKTEST
69,EaseMyTrip,BLR,DEL,2026-09-02,30,3902.91,1100.82,5003.73,2026-08-03 10:21:00,SIMULATED_BACKTEST
70,EaseMyTrip,BLR,DEL,2026-09-17,45,3580.15,1009.79,4589.94,2026-08-03 10:21:00,SIMULATED_BACKTEST
71,EaseMyTrip,BLR,BOM,2026-08-04,1,4148.66,1170.14,5318.8,2026-08-03 10:21:00,SIMULATED_BACKTEST
72,EaseMyTrip,BLR,BOM,2026-08-10,7,3242.57,914.57,4157.14,2026-08-03 10:21:00,SIMULATED_BACKTEST
73,EaseMyTrip,BLR,BOM,2026-08-18,15,2680.24,755.96,3436.2,2026-08-03 10:21:00,SIMULATED_BACKTEST
74,EaseMyTrip,BLR,BOM,2026-09-02,30,2383.35,672.23,3055.58,2026-08-03 10:21:00,SIMULATED_BACKTEST
75,EaseMyTrip,BLR,BOM,2026-09-17,45,2209.86,623.3,2833.16,2026-08-03 10:21:00,SIMULATED_BACKTEST
76,EaseMyTrip,DEL,HYD,2026-08-04,1,4948.23,1395.65,6343.88,2026-08-03 10:21:00,SIMULATED_BACKTEST
77,EaseMyTrip,DEL,HYD,2026-08-10,7,3811.38,1075.01,4886.39,2026-08-03 10:21:00,SIMULATED_BACKTEST
78,EaseMyTrip,DEL,HYD,2026-08-18,15,3293.88,929.04,4222.92,2026-08-03 10:21:00,SIMULATED_BACKTEST
79,EaseMyTrip,DEL,HYD,2026-09-02,30,2891.16,815.45,3706.61,2026-08-03 10:21:00,SIMULATED_BACKTEST
80,EaseMyTrip,DEL,HYD,2026-09-17,45,2642.44,745.3,3387.74,2026-08-03 10:21:00,SIMULATED_BACKTEST
81,EaseMyTrip,DEL,PNQ,2026-08-04,1,4596.82,1296.54,5893.36,2026-08-03 10:21:00,SIMULATED_BACKTEST
82,EaseMyTrip,DEL,PNQ,2026-08-10,7,3652.46,1030.18,4682.64,2026-08-03 10:21:00,SIMULATED_BACKTEST
83,EaseMyTrip,DEL,PNQ,2026-08-18,15,3063.25,863.99,3927.24,2026-08-03 10:21:00,SIMULATED_BACKTEST
84,EaseMyTrip,DEL,PNQ,2026-09-02,30,2690.98,758.99,3449.97,2026-08-03 10:21:00,SIMULATED_BACKTEST
85,EaseMyTrip,DEL,PNQ,2026-09-17,45,2455.28,692.51,3147.79,2026-08-03 10:21:00,SIMULATED_BACKTEST
86,EaseMyTrip,DEL,CCU,2026-08-04,1,5942.45,1676.07,7618.52,2026-08-03 10:21:00,SIMULATED_BACKTEST
87,EaseMyTrip,DEL,CCU,2026-08-10,7,4655.37,1313.05,5968.42,2026-08-03 10:21:00,SIMULATED_BACKTEST
88,EaseMyTrip,DEL,CCU,2026-08-18,15,3917.69,1104.99,5022.68,2026-08-03 10:21:00,SIMULATED_BACKTEST
89,EaseMyTrip,DEL,CCU,2026-09-02,30,3440.99,970.53,4411.52,2026-08-03 10:21:00,SIMULATED_BACKTEST
90,EaseMyTrip,DEL,CCU,2026-09-17,45,3106.54,876.2,3982.74,2026-08-03 10:21:00,SIMULATED_BACKTEST
91,EaseMyTrip,DEL,BOM,2026-08-05,1,5820.83,1641.77,7462.6,2026-08-04 11:24:00,SIMULATED_BACKTEST
92,EaseMyTrip,DEL,BOM,2026-08-11,7,4538.31,1280.04,5818.35,2026-08-04 11:24:00,SIMULATED_BACKTEST
93,EaseMyTrip,DEL,BOM,2026-08-19,15,3837.91,1082.49,4920.4,2026-08-04 11:24:00,SIMULATED_BACKTEST
94,EaseMyTrip,DEL,BOM,2026-09-03,30,3355.12,946.31,4301.43,2026-08-04 11:24:00,SIMULATED_BACKTEST
95,EaseMyTrip,DEL,BOM,2026-09-18,45,3120.87,880.25,4001.12,2026-08-04 11:24:00,SIMULATED_BACKTEST
96,EaseMyTrip,BLR,DEL,2026-08-05,1,6687.97,1886.35,8574.32,2026-08-04 11:24:00,SIMULATED_BACKTEST
97,EaseMyTrip,BLR,DEL,2026-08-11,7,5315.51,1499.25,6814.76,2026-08-04 11:24:00,SIMULATED_BACKTEST
98,EaseMyTrip,BLR,DEL,2026-08-19,15,4514.55,1273.33,5787.88,2026-08-04 11:24:00,SIMULATED_BACKTEST
99,EaseMyTrip,BLR,DEL,2026-09-03,30,3996.95,1127.34,5124.29,2026-08-04 11:24:00,SIMULATED_BACKTEST
100,EaseMyTrip,BLR,DEL,2026-09-18,45,3605.08,1016.82,4621.9,2026-08-04 11:24:00,SIMULATED_BACKTEST
101,EaseMyTrip,BLR,BOM,2026-08-05,1,4095.16,1155.04,5250.2,2026-08-04 11:24:00,SIMULATED_BACKTEST
102,EaseMyTrip,BLR,BOM,2026-08-11,7,3257.05,918.65,4175.7,2026-08-04 11:24:00,SIMULATED_BACKTEST
103,EaseMyTrip,BLR,BOM,2026-08-19,15,2740.76,773.04,3513.8,2026-08-04 11:24:00,SIMULATED_BACKTEST
104,EaseMyTrip,BLR,BOM,2026-09-03,30,2422.57,683.29,3105.86,2026-08-04 11:24:00,SIMULATED_BACKTEST
105,EaseMyTrip,BLR,BOM,2026-09-18,45,2153.77,607.47,2761.24,2026-08-04 11:24:00,SIMULATED_BACKTEST
106,EaseMyTrip,DEL,HYD,2026-08-05,1,4945.45,1394.87,6340.32,2026-08-04 11:24:00,SIMULATED_BACKTEST
107,EaseMyTrip,DEL,HYD,2026-08-11,7,3841.72,1083.56,4925.28,2026-08-04 11:24:00,SIMULATED_BACKTEST
108,EaseMyTrip,DEL,HYD,2026-08-19,15,3245.49,915.39,4160.88,2026-08-04 11:24:00,SIMULATED_BACKTEST
109,EaseMyTrip,DEL,HYD,2026-09-03,30,2931.72,826.89,3758.61,2026-08-04 11:24:00,SIMULATED_BACKTEST
110,EaseMyTrip,DEL,HYD,2026-09-18,45,2614.64,737.46,3352.1,2026-08-04 11:24:00,SIMULATED_BACKTEST
111,EaseMyTrip,DEL,PNQ,2026-08-05,1,4681.59,1320.45,6002.04,2026-08-04 11:24:00,SIMULATED_BACKTEST
112,EaseMyTrip,DEL,PNQ,2026-08-11,7,3621.82,1021.54,4643.36,2026-08-04 11:24:00,SIMULATED_BACKTEST
113,EaseMyTrip,DEL,PNQ,2026-08-19,15,3091.42,871.94,3963.36,2026-08-04 11:24:00,SIMULATED_BACKTEST
114,EaseMyTrip,DEL,PNQ,2026-09-03,30,2744.32,774.04,3518.36,2026-08-04 11:24:00,SIMULATED_BACKTEST
115,EaseMyTrip,DEL,PNQ,2026-09-18,45,2493.42,703.27,3196.69,2026-08-04 11:24:00,SIMULATED_BACKTEST
116,EaseMyTrip,DEL,CCU,2026-08-05,1,5946.94,1677.34,7624.28,2026-08-04 11:24:00,SIMULATED_BACKTEST
117,EaseMyTrip,DEL,CCU,2026-08-11,7,4733.38,1335.05,6068.43,2026-08-04 11:24:00,SIMULATED_BACKTEST
118,EaseMyTrip,DEL,CCU,2026-08-19,15,3992.45,1126.07,5118.52,2026-08-04 11:24:00,SIMULATED_BACKTEST
119,EaseMyTrip,DEL,CCU,2026-09-03,30,3470.67,978.91,4449.58,2026-08-04 11:24:00,SIMULATED_BACKTEST
120,EaseMyTrip,DEL,CCU,2026-09-18,45,3229.68,910.94,4140.62,2026-08-04 11:24:00,SIMULATED_BACKTEST
121,EaseMyTrip,DEL,BOM,2026-08-06,1,5817.08,1640.72,7457.8,2026-08-05 08:27:00,SIMULATED_BACKTEST
122,EaseMyTrip,DEL,BOM,2026-08-12,7,4602.11,1298.03,5900.14,2026-08-05 08:27:00,SIMULATED_BACKTEST
123,EaseMyTrip,DEL,BOM,2026-08-20,15,3896.26,1098.94,4995.2,2026-08-05 08:27:00,SIMULATED_BACKTEST
124,EaseMyTrip,DEL,BOM,2026-09-04,30,3442.59,970.99,4413.58,2026-08-05 08:27:00,SIMULATED_BACKTEST
125,EaseMyTrip,DEL,BOM,2026-09-19,45,3105.3,875.86,3981.16,2026-08-05 08:27:00,SIMULATED_BACKTEST
126,EaseMyTrip,BLR,DEL,2026-08-06,1,6836.51,1928.25,8764.76,2026-08-05 08:27:00,SIMULATED_BACKTEST
127,EaseMyTrip,BLR,DEL,2026-08-12,7,5331.15,1503.66,6834.81,2026-08-05 08:27:00,SIMULATED_BACKTEST
128,EaseMyTrip,BLR,DEL,2026-08-20,15,4547.28,1282.56,5829.84,2026-08-05 08:27:00,SIMULATED_BACKTEST
129,EaseMyTrip,BLR,DEL,2026-09-04,30,4033.27,1137.59,5170.86,2026-08-05 08:27:00,SIMULATED_BACKTEST
130,EaseMyTrip,BLR,DEL,2026-09-19,45,3655.76,1031.11,4686.87,2026-08-05 08:27:00,SIMULATED_BACKTEST
131,EaseMyTrip,BLR,BOM,2026-08-06,1,4173.47,1177.13,5350.6,2026-08-05 08:27:00,SIMULATED_BACKTEST
132,EaseMyTrip,BLR,BOM,2026-08-12,7,3308.97,933.3,4242.27,2026-08-05 08:27:00,SIMULATED_BACKTEST
133,EaseMyTrip,BLR,BOM,2026-08-20,15,2751.37,776.03,3527.4,2026-08-05 08:27:00,SIMULATED_BACKTEST
134,EaseMyTrip,BLR,BOM,2026-09-04,30,2407.2,678.95,3086.15,2026-08-05 08:27:00,SIMULATED_BACKTEST
135,EaseMyTrip,BLR,BOM,2026-09-19,45,2243.53,632.79,2876.32,2026-08-05 08:27:00,SIMULATED_BACKTEST
136,EaseMyTrip,DEL,HYD,2026-08-06,1,4934.09,1391.67,6325.76,2026-08-05 08:27:00,SIMULATED_BACKTEST
137,EaseMyTrip,DEL,HYD,2026-08-12,7,3961.75,1117.42,5079.17,2026-08-05 08:27:00,SIMULATED_BACKTEST
138,EaseMyTrip,DEL,HYD,2026-08-20,15,3287.58,927.26,4214.84,2026-08-05 08:27:00,SIMULATED_BACKTEST
139,EaseMyTrip,DEL,HYD,2026-09-04,30,2955.9,833.72,3789.62,2026-08-05 08:27:00,SIMULATED_BACKTEST
140,EaseMyTrip,DEL,HYD,2026-09-19,45,2667.19,752.28,3419.47,2026-08-05 08:27:00,SIMULATED_BACKTEST
141,EaseMyTrip,DEL,PNQ,2026-08-06,1,4693.04,1323.68,6016.72,2026-08-05 08:27:00,SIMULATED_BACKTEST
142,EaseMyTrip,DEL,PNQ,2026-08-12,7,3657.49,1031.6,4689.09,2026-08-05 08:27:00,SIMULATED_BACKTEST
143,EaseMyTrip,DEL,PNQ,2026-08-20,15,3089.17,871.31,3960.48,2026-08-05 08:27:00,SIMULATED_BACKTEST
144,EaseMyTrip,DEL,PNQ,2026-09-04,30,2732.92,770.82,3503.74,2026-08-05 08:27:00,SIMULATED_BACKTEST
145,EaseMyTrip,DEL,PNQ,2026-09-19,45,2454.33,692.25,3146.58,2026-08-05 08:27:00,SIMULATED_BACKTEST
146,EaseMyTrip,DEL,CCU,2026-08-06,1,6012.27,1695.77,7708.04,2026-08-05 08:27:00,SIMULATED_BACKTEST
147,EaseMyTrip,DEL,CCU,2026-08-12,7,4698.28,1325.16,6023.44,2026-08-05 08:27:00,SIMULATED_BACKTEST
148,EaseMyTrip,DEL,CCU,2026-08-20,15,4045.36,1141.0,5186.36,2026-08-05 08:27:00,SIMULATED_BACKTEST
149,EaseMyTrip,DEL,CCU,2026-09-04,30,3483.98,982.66,4466.64,2026-08-05 08:27:00,SIMULATED_BACKTEST
150,EaseMyTrip,DEL,CCU,2026-09-19,45,3226.46,910.03,4136.49,2026-08-05 08:27:00,SIMULATED_BACKTEST
151,EaseMyTrip,DEL,BOM,2026-08-07,1,5903.04,1664.96,7568.0,2026-08-06 09:30:00,SIMULATED_BACKTEST
152,EaseMyTrip,DEL,BOM,2026-08-13,7,4636.26,1307.66,5943.92,2026-08-06 09:30:00,SIMULATED_BACKTEST
153,EaseMyTrip,DEL,BOM,2026-08-21,15,3896.1,1098.9,4995.0,2026-08-06 09:30:00,SIMULATED_BACKTEST
154,EaseMyTrip,DEL,BOM,2026-09-05,30,3409.94,961.78,4371.72,2026-08-06 09:30:00,SIMULATED_BACKTEST
155,EaseMyTrip,DEL,BOM,2026-09-20,45,3177.88,896.32,4074.2,2026-08-06 09:30:00,SIMULATED_BACKTEST
156,EaseMyTrip,BLR,DEL,2026-08-07,1,6820.48,1923.72,8744.2,2026-08-06 09:30:00,SIMULATED_BACKTEST
157,EaseMyTrip,BLR,DEL,2026-08-13,7,5409.97,1525.89,6935.86,2026-08-06 09:30:00,SIMULATED_BACKTEST
158,EaseMyTrip,BLR,DEL,2026-08-21,15,4555.82,1284.98,5840.8,2026-08-06 09:30:00,SIMULATED_BACKTEST
159,EaseMyTrip,BLR,DEL,2026-09-05,30,4019.67,1133.75,5153.42,2026-08-06 09:30:00,SIMULATED_BACKTEST
160,EaseMyTrip,BLR,DEL,2026-09-20,45,3693.18,1041.66,4734.84,2026-08-06 09:30:00,SIMULATED_BACKTEST
161,EaseMyTrip,BLR,BOM,2026-08-07,1,4218.24,1189.76,5408.0,2026-08-06 09:30:00,SIMULATED_BACKTEST
162,EaseMyTrip,BLR,BOM,2026-08-13,7,3356.22,946.62,4302.84,2026-08-06 09:30:00,SIMULATED_BACKTEST
163,EaseMyTrip,BLR,BOM,2026-08-21,15,2817.36,794.64,3612.0,2026-08-06 09:30:00,SIMULATED_BACKTEST
164,EaseMyTrip,BLR,BOM,2026-09-05,30,2483.86,700.58,3184.44,2026-08-06 09:30:00,SIMULATED_BACKTEST
165,EaseMyTrip,BLR,BOM,2026-09-20,45,2219.41,625.99,2845.4,2026-08-06 09:30:00,SIMULATED_BACKTEST
166,EaseMyTrip,DEL,HYD,2026-08-07,1,4997.62,1409.58,6407.2,2026-08-06 09:30:00,SIMULATED_BACKTEST
167,EaseMyTrip,DEL,HYD,2026-08-13,7,3891.47,1097.59,4989.06,2026-08-06 09:30:00,SIMULATED_BACKTEST
168,EaseMyTrip,DEL,HYD,2026-08-21,15,3364.76,949.04,4313.8,2026-08-06 09:30:00,SIMULATED_BACKTEST
169,EaseMyTrip,DEL,HYD,2026-09-05,30,2909.1,820.52,3729.62,2026-08-06 09:30:00,SIMULATED_BACKTEST
170,EaseMyTrip,DEL,HYD,2026-09-20,45,2682.3,756.54,3438.84,2026-08-06 09:30:00,SIMULATED_BACKTEST
171,EaseMyTrip,DEL,PNQ,2026-08-07,1,4697.47,1324.93,6022.4,2026-08-06 09:30:00,SIMULATED_BACKTEST
172,EaseMyTrip,DEL,PNQ,2026-08-13,7,3696.27,1042.54,4738.81,2026-08-06 09:30:00,SIMULATED_BACKTEST
173,EaseMyTrip,DEL,PNQ,2026-08-21,15,3165.71,892.89,4058.6,2026-08-06 09:30:00,SIMULATED_BACKTEST
174,EaseMyTrip,DEL,PNQ,2026-09-05,30,2746.48,774.65,3521.13,2026-08-06 09:30:00,SIMULATED_BACKTEST
175,EaseMyTrip,DEL,PNQ,2026-09-20,45,2565.79,723.69,3289.48,2026-08-06 09:30:00,SIMULATED_BACKTEST
176,EaseMyTrip,DEL,CCU,2026-08-07,1,6041.72,1704.08,7745.8,2026-08-06 09:30:00,SIMULATED_BACKTEST
177,EaseMyTrip,DEL,CCU,2026-08-13,7,4743.54,1337.92,6081.46,2026-08-06 09:30:00,SIMULATED_BACKTEST
178,EaseMyTrip,DEL,CCU,2026-08-21,15,4046.02,1141.18,5187.2,2026-08-06 09:30:00,SIMULATED_BACKTEST
179,EaseMyTrip,DEL,CCU,2026-09-05,30,3516.01,991.69,4507.7,2026-08-06 09:30:00,SIMULATED_BACKTEST
180,EaseMyTrip,DEL,CCU,2026-09-20,45,3221.68,908.68,4130.36,2026-08-06 09:30:00,SIMULATED_BACKTEST
181,EaseMyTrip,DEL,BOM,2026-08-08,1,5926.6,1671.6,7598.2,2026-08-07 10:33:00,SIMULATED_BACKTEST
182,EaseMyTrip,DEL,BOM,2026-08-14,7,4623.61,1304.09,5927.7,2026-08-07 10:33:00,SIMULATED_BACKTEST
183,EaseMyTrip,DEL,BOM,2026-08-22,15,3991.88,1125.92,5117.8,2026-08-07 10:33:00,SIMULATED_BACKTEST
184,EaseMyTrip,DEL,BOM,2026-09-06,30,3526.27,994.59,4520.86,2026-08-07 10:33:00,SIMULATED_BACKTEST
185,EaseMyTrip,DEL,BOM,2026-09-21,45,3117.85,879.39,3997.24,2026-08-07 10:33:00,SIMULATED_BACKTEST
186,EaseMyTrip,BLR,DEL,2026-08-08,1,6861.38,1935.26,8796.64,2026-08-07 10:33:00,SIMULATED_BACKTEST
187,EaseMyTrip,BLR,DEL,2026-08-14,7,5448.24,1536.68,6984.92,2026-08-07 10:33:00,SIMULATED_BACKTEST
188,EaseMyTrip,BLR,DEL,2026-08-22,15,4621.31,1303.45,5924.76,2026-08-07 10:33:00,SIMULATED_BACKTEST
189,EaseMyTrip,BLR,DEL,2026-09-06,30,3991.25,1125.74,5116.99,2026-08-07 10:33:00,SIMULATED_BACKTEST
190,EaseMyTrip,BLR,DEL,2026-09-21,45,3693.15,1041.66,4734.81,2026-08-07 10:33:00,SIMULATED_BACKTEST
191,EaseMyTrip,BLR,BOM,2026-08-08,1,4197.49,1183.91,5381.4,2026-08-07 10:33:00,SIMULATED_BACKTEST
192,EaseMyTrip,BLR,BOM,2026-08-14,7,3312.98,934.43,4247.41,2026-08-07 10:33:00,SIMULATED_BACKTEST
193,EaseMyTrip,BLR,BOM,2026-08-22,15,2794.43,788.17,3582.6,2026-08-07 10:33:00,SIMULATED_BACKTEST
194,EaseMyTrip,BLR,BOM,2026-09-06,30,2531.67,714.06,3245.73,2026-08-07 10:33:00,SIMULATED_BACKTEST
195,EaseMyTrip,BLR,BOM,2026-09-21,45,2279.53,642.95,2922.48,2026-08-07 10:33:00,SIMULATED_BACKTEST
196,EaseMyTrip,DEL,HYD,2026-08-08,1,5093.9,1436.74,6530.64,2026-08-07 10:33:00,SIMULATED_BACKTEST
197,EaseMyTrip,DEL,HYD,2026-08-14,7,3939.75,1111.21,5050.96,2026-08-07 10:33:00,SIMULATED_BACKTEST
198,EaseMyTrip,DEL,HYD,2026-08-22,15,3404.51,960.25,4364.76,2026-08-07 10:33:00,SIMULATED_BACKTEST
199,EaseMyTrip,DEL,HYD,2026-09-06,30,3004.27,847.36,3851.63,2026-08-07 10:33:00,SIMULATED_BACKTEST
200,EaseMyTrip,DEL,HYD,2026-09-21,45,2703.64,762.57,3466.21,2026-08-07 10:33:00,SIMULATED_BACKTEST
201,EaseMyTrip,DEL,PNQ,2026-08-08,1,4726.08,1333.0,6059.08,2026-08-07 10:33:00,SIMULATED_BACKTEST
202,EaseMyTrip,DEL,PNQ,2026-08-14,7,3700.73,1043.8,4744.53,2026-08-07 10:33:00,SIMULATED_BACKTEST
203,EaseMyTrip,DEL,PNQ,2026-08-22,15,3133.82,883.9,4017.72,2026-08-07 10:33:00,SIMULATED_BACKTEST
204,EaseMyTrip,DEL,PNQ,2026-09-06,30,2809.96,792.55,3602.51,2026-08-07 10:33:00,SIMULATED_BACKTEST
205,EaseMyTrip,DEL,PNQ,2026-09-21,45,2540.76,716.62,3257.38,2026-08-07 10:33:00,SIMULATED_BACKTEST
206,EaseMyTrip,DEL,CCU,2026-08-08,1,6057.14,1708.42,7765.56,2026-08-07 10:33:00,SIMULATED_BACKTEST
207,EaseMyTrip,DEL,CCU,2026-08-14,7,4773.19,1346.28,6119.47,2026-08-07 10:33:00,SIMULATED_BACKTEST
208,EaseMyTrip,DEL,CCU,2026-08-22,15,4023.27,1134.77,5158.04,2026-08-07 10:33:00,SIMULATED_BACKTEST
209,EaseMyTrip,DEL,CCU,2026-09-06,30,3578.45,1009.31,4587.76,2026-08-07 10:33:00,SIMULATED_BACKTEST
210,EaseMyTrip,DEL,CCU,2026-09-21,45,3252.78,917.45,4170.23,2026-08-07 10:33:00,SIMULATED_BACKTEST
211,EaseMyTrip,DEL,BOM,2026-08-09,1,6105.84,1722.16,7828.0,2026-08-08 11:36:00,SIMULATED_BACKTEST
212,EaseMyTrip,DEL,BOM,2026-08-15,7,4780.5,1348.34,6128.84,2026-08-08 11:36:00,SIMULATED_BACKTEST
213,EaseMyTrip,DEL,BOM,2026-08-23,15,4103.58,1157.42,5261.0,2026-08-08 11:36:00,SIMULATED_BACKTEST
214,EaseMyTrip,DEL,BOM,2026-09-07,30,3582.88,1010.56,4593.44,2026-08-08 11:36:00,SIMULATED_BACKTEST
215,EaseMyTrip,DEL,BOM,2026-09-22,45,3242.77,914.63,4157.4,2026-08-08 11:36:00,SIMULATED_BACKTEST
216,EaseMyTrip,BLR,DEL,2026-08-09,1,7053.85,1989.55,9043.4,2026-08-08 11:36:00,SIMULATED_BACKTEST
217,EaseMyTrip,BLR,DEL,2026-08-15,7,5538.88,1562.25,7101.13,2026-08-08 11:36:00,SIMULATED_BACKTEST
218,EaseMyTrip,BLR,DEL,2026-08-23,15,4780.31,1348.29,6128.6,2026-08-08 11:36:00,SIMULATED_BACKTEST
219,EaseMyTrip,BLR,DEL,2026-09-07,30,4219.22,1190.03,5409.25,2026-08-08 11:36:00,SIMULATED_BACKTEST
220,EaseMyTrip,BLR,DEL,2026-09-22,45,3827.99,1079.69,4907.68,2026-08-08 11:36:00,SIMULATED_BACKTEST
221,EaseMyTrip,BLR,BOM,2026-08-09,1,4331.34,1221.66,5553.0,2026-08-08 11:36:00,SIMULATED_BACKTEST
222,EaseMyTrip,BLR,BOM,2026-08-15,7,3450.47,973.21,4423.68,2026-08-08 11:36:00,SIMULATED_BACKTEST
223,EaseMyTrip,BLR,BOM,2026-08-23,15,2897.7,817.3,3715.0,2026-08-08 11:36:00,SIMULATED_BACKTEST
224,EaseMyTrip,BLR,BOM,2026-09-07,30,2573.91,725.97,3299.88,2026-08-08 11:36:00,SIMULATED_BACKTEST
225,EaseMyTrip,BLR,BOM,2026-09-22,45,2275.1,641.7,2916.8,2026-08-08 11:36:00,SIMULATED_BACKTEST
226,EaseMyTrip,DEL,HYD,2026-08-09,1,5231.77,1475.63,6707.4,2026-08-08 11:36:00,SIMULATED_BACKTEST
227,EaseMyTrip,DEL,HYD,2026-08-15,7,4100.09,1156.44,5256.53,2026-08-08 11:36:00,SIMULATED_BACKTEST
228,EaseMyTrip,DEL,HYD,2026-08-23,15,3446.51,972.09,4418.6,2026-08-08 11:36:00,SIMULATED_BACKTEST
229,EaseMyTrip,DEL,HYD,2026-09-07,30,3104.91,875.74,3980.65,2026-08-08 11:36:00,SIMULATED_BACKTEST
230,EaseMyTrip,DEL,HYD,2026-09-22,45,2765.63,780.05,3545.68,2026-08-08 11:36:00,SIMULATED_BACKTEST
231,EaseMyTrip,DEL,PNQ,2026-08-09,1,4892.0,1379.8,6271.8,2026-08-08 11:36:00,SIMULATED_BACKTEST
232,EaseMyTrip,DEL,PNQ,2026-08-15,7,3817.65,1076.77,4894.42,2026-08-08 11:36:00,SIMULATED_BACKTEST
233,EaseMyTrip,DEL,PNQ,2026-08-23,15,3324.52,937.68,4262.2,2026-08-08 11:36:00,SIMULATED_BACKTEST
234,EaseMyTrip,DEL,PNQ,2026-09-07,30,2902.43,818.63,3721.06,2026-08-08 11:36:00,SIMULATED_BACKTEST
235,EaseMyTrip,DEL,PNQ,2026-09-22,45,2597.37,732.59,3329.96,2026-08-08 11:36:00,SIMULATED_BACKTEST
236,EaseMyTrip,DEL,CCU,2026-08-09,1,6318.47,1782.13,8100.6,2026-08-08 11:36:00,SIMULATED_BACKTEST
237,EaseMyTrip,DEL,CCU,2026-08-15,7,4969.78,1401.73,6371.51,2026-08-08 11:36:00,SIMULATED_BACKTEST
238,EaseMyTrip,DEL,CCU,2026-08-23,15,4189.69,1181.71,5371.4,2026-08-08 11:36:00,SIMULATED_BACKTEST
239,EaseMyTrip,DEL,CCU,2026-09-07,30,3692.51,1041.48,4733.99,2026-08-08 11:36:00,SIMULATED_BACKTEST
240,EaseMyTrip,DEL,CCU,2026-09-22,45,3321.02,936.7,4257.72,2026-08-08 11:36:00,SIMULATED_BACKTEST
241,EaseMyTrip,DEL,BOM,2026-08-10,1,6263.79,1766.71,8030.5,2026-08-09 08:39:00,SIMULATED_BACKTEST
242,EaseMyTrip,DEL,BOM,2026-08-16,7,4870.55,1373.75,6244.3,2026-08-09 08:39:00,SIMULATED_BACKTEST
243,EaseMyTrip,DEL,BOM,2026-08-24,15,4210.44,1187.56,5398.0,2026-08-09 08:39:00,SIMULATED_BACKTEST
244,EaseMyTrip,DEL,BOM,2026-09-08,30,3633.86,1024.94,4658.8,2026-08-09 08:39:00,SIMULATED_BACKTEST
245,EaseMyTrip,DEL,BOM,2026-09-23,45,3319.68,936.32,4256.0,2026-08-09 08:39:00,SIMULATED_BACKTEST
246,EaseMyTrip,BLR,DEL,2026-08-10,1,7206.42,2032.58,9239.0,2026-08-09 08:39:00,SIMULATED_BACKTEST
247,EaseMyTrip,BLR,DEL,2026-08-16,7,5703.95,1608.81,7312.76,2026-08-09 08:39:00,SIMULATED_BACKTEST
248,EaseMyTrip,BLR,DEL,2026-08-24,15,4832.88,1363.12,6196.0,2026-08-09 08:39:00,SIMULATED_BACKTEST
249,EaseMyTrip,BLR,DEL,2026-09-08,30,4209.78,1187.38,5397.16,2026-08-09 08:39:00,SIMULATED_BACKTEST
250,EaseMyTrip,BLR,DEL,2026-09-23,45,3841.97,1083.63,4925.6,2026-08-09 08:39:00,SIMULATED_BACKTEST
251,EaseMyTrip,BLR,BOM,2026-08-10,1,4405.83,1242.67,5648.5,2026-08-09 08:39:00,SIMULATED_BACKTEST
252,EaseMyTrip,BLR,BOM,2026-08-16,7,3471.86,979.24,4451.1,2026-08-09 08:39:00,SIMULATED_BACKTEST
253,EaseMyTrip,BLR,BOM,2026-08-24,15,2946.06,830.94,3777.0,2026-08-09 08:39:00,SIMULATED_BACKTEST
254,EaseMyTrip,BLR,BOM,2026-09-08,30,2607.23,735.37,3342.6,2026-08-09 08:39:00,SIMULATED_BACKTEST
255,EaseMyTrip,BLR,BOM,2026-09-23,45,2333.76,658.24,2992.0,2026-08-09 08:39:00,SIMULATED_BACKTEST
256,EaseMyTrip,DEL,HYD,2026-08-10,1,5318.82,1500.18,6819.0,2026-08-09 08:39:00,SIMULATED_BACKTEST
257,EaseMyTrip,DEL,HYD,2026-08-16,7,4134.59,1166.17,5300.76,2026-08-09 08:39:00,SIMULATED_BACKTEST
258,EaseMyTrip,DEL,HYD,2026-08-24,15,3585.66,1011.34,4597.0,2026-08-09 08:39:00,SIMULATED_BACKTEST
259,EaseMyTrip,DEL,HYD,2026-09-08,30,3068.64,865.52,3934.16,2026-08-09 08:39:00,SIMULATED_BACKTEST
260,EaseMyTrip,DEL,HYD,2026-09-23,45,2779.61,783.99,3563.6,2026-08-09 08:39:00,SIMULATED_BACKTEST
261,EaseMyTrip,DEL,PNQ,2026-08-10,1,5030.61,1418.89,6449.5,2026-08-09 08:39:00,SIMULATED_BACKTEST
262,EaseMyTrip,DEL,PNQ,2026-08-16,7,3897.05,1099.17,4996.22,2026-08-09 08:39:00,SIMULATED_BACKTEST
263,EaseMyTrip,DEL,PNQ,2026-08-24,15,3342.3,942.7,4285.0,2026-08-09 08:39:00,SIMULATED_BACKTEST
264,EaseMyTrip,DEL,PNQ,2026-09-08,30,2930.87,826.65,3757.52,2026-08-09 08:39:00,SIMULATED_BACKTEST
265,EaseMyTrip,DEL,PNQ,2026-09-23,45,2684.14,757.06,3441.2,2026-08-09 08:39:00,SIMULATED_BACKTEST
266,EaseMyTrip,DEL,CCU,2026-08-10,1,6447.48,1818.52,8266.0,2026-08-09 08:39:00,SIMULATED_BACKTEST
267,EaseMyTrip,DEL,CCU,2026-08-16,7,5078.61,1432.43,6511.04,2026-08-09 08:39:00,SIMULATED_BACKTEST
268,EaseMyTrip,DEL,CCU,2026-08-24,15,4277.52,1206.48,5484.0,2026-08-09 08:39:00,SIMULATED_BACKTEST
269,EaseMyTrip,DEL,CCU,2026-09-08,30,3732.02,1052.62,4784.64,2026-08-09 08:39:00,SIMULATED_BACKTEST
270,EaseMyTrip,DEL,CCU,2026-09-23,45,3365.23,949.17,4314.4,2026-08-09 08:39:00,SIMULATED_BACKTEST
271,EaseMyTrip,DEL,BOM,2026-08-11,1,6397.56,1804.44,8202.0,2026-08-10 09:42:00,SIMULATED_BACKTEST
272,EaseMyTrip,DEL,BOM,2026-08-17,7,4999.61,1410.15,6409.76,2026-08-10 09:42:00,SIMULATED_BACKTEST
273,EaseMyTrip,DEL,BOM,2026-08-25,15,4265.04,1202.96,5468.0,2026-08-10 09:42:00,SIMULATED_BACKTEST
274,EaseMyTrip,DEL,BOM,2026-09-09,30,3723.06,1050.1,4773.16,2026-08-10 09:42:00,SIMULATED_BACKTEST
275,EaseMyTrip,DEL,BOM,2026-09-24,45,3392.69,956.91,4349.6,2026-08-10 09:42:00,SIMULATED_BACKTEST
276,EaseMyTrip,BLR,DEL,2026-08-11,1,7418.27,2092.33,9510.6,2026-08-10 09:42:00,SIMULATED_BACKTEST
277,EaseMyTrip,BLR,DEL,2026-08-17,7,5815.98,1640.41,7456.39,2026-08-10 09:42:00,SIMULATED_BACKTEST
278,EaseMyTrip,BLR,DEL,2026-08-25,15,4890.91,1379.49,6270.4,2026-08-10 09:42:00,SIMULATED_BACKTEST
279,EaseMyTrip,BLR,DEL,2026-09-09,30,4323.59,1219.48,5543.07,2026-08-10 09:42:00,SIMULATED_BACKTEST
280,EaseMyTrip,BLR,DEL,2026-09-24,45,3917.57,1104.95,5022.52,2026-08-10 09:42:00,SIMULATED_BACKTEST
281,EaseMyTrip,BLR,BOM,2026-08-11,1,4506.84,1271.16,5778.0,2026-08-10 09:42:00,SIMULATED_BACKTEST
282,EaseMyTrip,BLR,BOM,2026-08-17,7,3545.51,1000.01,4545.52,2026-08-10 09:42:00,SIMULATED_BACKTEST
283,EaseMyTrip,BLR,BOM,2026-08-25,15,3026.4,853.6,3880.0,2026-08-10 09:42:00,SIMULATED_BACKTEST
284,EaseMyTrip,BLR,BOM,2026-09-09,30,2634.31,743.01,3377.32,2026-08-10 09:42:00,SIMULATED_BACKTEST
285,EaseMyTrip,BLR,BOM,2026-09-24,45,2396.32,675.88,3072.2,2026-08-10 09:42:00,SIMULATED_BACKTEST
286,EaseMyTrip,DEL,HYD,2026-08-11,1,5426.15,1530.45,6956.6,2026-08-10 09:42:00,SIMULATED_BACKTEST
287,EaseMyTrip,DEL,HYD,2026-08-17,7,4284.53,1208.46,5492.99,2026-08-10 09:42:00,SIMULATED_BACKTEST
288,EaseMyTrip,DEL,HYD,2026-08-25,15,3630.43,1023.97,4654.4,2026-08-10 09:42:00,SIMULATED_BACKTEST
289,EaseMyTrip,DEL,HYD,2026-09-09,30,3196.96,901.71,4098.67,2026-08-10 09:42:00,SIMULATED_BACKTEST
290,EaseMyTrip,DEL,HYD,2026-09-24,45,2834.93,799.59,3634.52,2026-08-10 09:42:00,SIMULATED_BACKTEST
291,EaseMyTrip,DEL,PNQ,2026-08-11,1,5127.88,1446.32,6574.2,2026-08-10 09:42:00,SIMULATED_BACKTEST
292,EaseMyTrip,DEL,PNQ,2026-08-17,7,4001.42,1128.6,5130.02,2026-08-10 09:42:00,SIMULATED_BACKTEST
293,EaseMyTrip,DEL,PNQ,2026-08-25,15,3379.58,953.22,4332.8,2026-08-10 09:42:00,SIMULATED_BACKTEST
294,EaseMyTrip,DEL,PNQ,2026-09-09,30,2992.84,844.14,3836.98,2026-08-10 09:42:00,SIMULATED_BACKTEST
295,EaseMyTrip,DEL,PNQ,2026-09-24,45,2752.96,776.48,3529.44,2026-08-10 09:42:00,SIMULATED_BACKTEST
296,EaseMyTrip,DEL,CCU,2026-08-11,1,6556.21,1849.19,8405.4,2026-08-10 09:42:00,SIMULATED_BACKTEST
297,EaseMyTrip,DEL,CCU,2026-08-17,7,5134.4,1448.17,6582.57,2026-08-10 09:42:00,SIMULATED_BACKTEST
298,EaseMyTrip,DEL,CCU,2026-08-25,15,4306.85,1214.75,5521.6,2026-08-10 09:42:00,SIMULATED_BACKTEST
299,EaseMyTrip,DEL,CCU,2026-09-09,30,3879.95,1094.34,4974.29,2026-08-10 09:42:00,SIMULATED_BACKTEST
300,EaseMyTrip,DEL,CCU,2026-09-24,45,3430.5,967.58,4398.08,2026-08-10 09:42:00,SIMULATED_BACKTEST
301,EaseMyTrip,DEL,BOM,2026-08-12,1,6513.39,1837.11,8350.5,2026-08-11 10:45:00,SIMULATED_BACKTEST
302,EaseMyTrip,DEL,BOM,2026-08-18,7,5053.79,1425.43,6479.22,2026-08-11 10:45:00,SIMULATED_BACKTEST
303,EaseMyTrip,DEL,BOM,2026-08-26,15,4297.02,1211.98,5509.0,2026-08-11 10:45:00,SIMULATED_BACKTEST
304,EaseMyTrip,DEL,BOM,2026-09-10,30,3824.75,1078.77,4903.52,2026-08-11 10:45:00,SIMULATED_BACKTEST
305,EaseMyTrip,DEL,BOM,2026-09-25,45,3468.82,978.38,4447.2,2026-08-11 10:45:00,SIMULATED_BACKTEST
306,EaseMyTrip,BLR,DEL,2026-08-12,1,7503.76,2116.44,9620.2,2026-08-11 10:45:00,SIMULATED_BACKTEST
307,EaseMyTrip,BLR,DEL,2026-08-18,7,5885.9,1660.12,7546.02,2026-08-11 10:45:00,SIMULATED_BACKTEST
308,EaseMyTrip,BLR,DEL,2026-08-26,15,4942.7,1394.1,6336.8,2026-08-11 10:45:00,SIMULATED_BACKTEST
309,EaseMyTrip,BLR,DEL,2026-09-10,30,4442.08,1252.9,5694.98,2026-08-11 10:45:00,SIMULATED_BACKTEST
310,EaseMyTrip,BLR,DEL,2026-09-25,45,3976.78,1121.66,5098.44,2026-08-11 10:45:00,SIMULATED_BACKTEST
311,EaseMyTrip,BLR,BOM,2026-08-12,1,4636.71,1307.79,5944.5,2026-08-11 10:45:00,SIMULATED_BACKTEST
312,EaseMyTrip,BLR,BOM,2026-08-18,7,3565.33,1005.61,4570.94,2026-08-11 10:45:00,SIMULATED_BACKTEST
313,EaseMyTrip,BLR,BOM,2026-08-26,15,3072.42,866.58,3939.0,2026-08-11 10:45:00,SIMULATED_BACKTEST
314,EaseMyTrip,BLR,BOM,2026-09-10,30,2646.57,746.47,3393.04,2026-08-11 10:45:00,SIMULATED_BACKTEST
315,EaseMyTrip,BLR,BOM,2026-09-25,45,2444.05,689.35,3133.4,2026-08-11 10:45:00,SIMULATED_BACKTEST
316,EaseMyTrip,DEL,HYD,2026-08-12,1,5478.1,1545.1,7023.2,2026-08-11 10:45:00,SIMULATED_BACKTEST
317,EaseMyTrip,DEL,HYD,2026-08-18,7,4325.27,1219.95,5545.22,2026-08-11 10:45:00,SIMULATED_BACKTEST
318,EaseMyTrip,DEL,HYD,2026-08-26,15,3654.14,1030.66,4684.8,2026-08-11 10:45:00,SIMULATED_BACKTEST
319,EaseMyTrip,DEL,HYD,2026-09-10,30,3206.72,904.46,4111.18,2026-08-11 10:45:00,SIMULATED_BACKTEST
320,EaseMyTrip,DEL,HYD,2026-09-25,45,2887.12,814.32,3701.44,2026-08-11 10:45:00,SIMULATED_BACKTEST
321,EaseMyTrip,DEL,PNQ,2026-08-12,1,5148.7,1452.2,6600.9,2026-08-11 10:45:00,SIMULATED_BACKTEST
322,EaseMyTrip,DEL,PNQ,2026-08-18,7,4133.87,1165.96,5299.83,2026-08-11 10:45:00,SIMULATED_BACKTEST
323,EaseMyTrip,DEL,PNQ,2026-08-26,15,3448.07,972.53,4420.6,2026-08-11 10:45:00,SIMULATED_BACKTEST
324,EaseMyTrip,DEL,PNQ,2026-09-10,30,3045.47,858.98,3904.45,2026-08-11 10:45:00,SIMULATED_BACKTEST
325,EaseMyTrip,DEL,PNQ,2026-09-25,45,2791.37,787.31,3578.68,2026-08-11 10:45:00,SIMULATED_BACKTEST
326,EaseMyTrip,DEL,CCU,2026-08-12,1,6598.64,1861.16,8459.8,2026-08-11 10:45:00,SIMULATED_BACKTEST
327,EaseMyTrip,DEL,CCU,2026-08-18,7,5173.04,1459.06,6632.1,2026-08-11 10:45:00,SIMULATED_BACKTEST
328,EaseMyTrip,DEL,CCU,2026-08-26,15,4468.78,1260.42,5729.2,2026-08-11 10:45:00,SIMULATED_BACKTEST
329,EaseMyTrip,DEL,CCU,2026-09-10,30,3851.59,1086.35,4937.94,2026-08-11 10:45:00,SIMULATED_BACKTEST
330,EaseMyTrip,DEL,CCU,2026-09-25,45,3519.17,992.59,4511.76,2026-08-11 10:45:00,SIMULATED_BACKTEST
331,EaseMyTrip,DEL,BOM,2026-08-13,1,6626.1,1868.9,8495.0,2026-08-12 11:48:00,SIMULATED_BACKTEST
332,EaseMyTrip,DEL,BOM,2026-08-19,7,5128.25,1446.43,6574.68,2026-08-12 11:48:00,SIMULATED_BACKTEST
333,EaseMyTrip,DEL,BOM,2026-08-27,15,4346.94,1226.06,5573.0,2026-08-12 11:48:00,SIMULATED_BACKTEST
334,EaseMyTrip,DEL,BOM,2026-09-11,30,3874.95,1092.93,4967.88,2026-08-12 11:48:00,SIMULATED_BACKTEST
335,EaseMyTrip,DEL,BOM,2026-09-26,45,3460.7,976.1,4436.8,2026-08-12 11:48:00,SIMULATED_BACKTEST
336,EaseMyTrip,BLR,DEL,2026-08-13,1,7653.2,2158.6,9811.8,2026-08-12 11:48:00,SIMULATED_BACKTEST
337,EaseMyTrip,BLR,DEL,2026-08-19,7,6030.69,1700.97,7731.66,2026-08-12 11:48:00,SIMULATED_BACKTEST
338,EaseMyTrip,BLR,DEL,2026-08-27,15,5060.8,1427.4,6488.2,2026-08-12 11:48:00,SIMULATED_BACKTEST
339,EaseMyTrip,BLR,DEL,2026-09-11,30,4524.7,1276.2,5800.9,2026-08-12 11:48:00,SIMULATED_BACKTEST
340,EaseMyTrip,BLR,DEL,2026-09-26,45,4092.16,1154.2,5246.36,2026-08-12 11:48:00,SIMULATED_BACKTEST
341,EaseMyTrip,BLR,BOM,2026-08-13,1,4679.22,1319.78,5999.0,2026-08-12 11:48:00,SIMULATED_BACKTEST
342,EaseMyTrip,BLR,BOM,2026-08-19,7,3716.98,1048.38,4765.36,2026-08-12 11:48:00,SIMULATED_BACKTEST
343,EaseMyTrip,BLR,BOM,2026-08-27,15,3170.7,894.3,4065.0,2026-08-12 11:48:00,SIMULATED_BACKTEST
344,EaseMyTrip,BLR,BOM,2026-09-11,30,2739.95,772.81,3512.76,2026-08-12 11:48:00,SIMULATED_BACKTEST
345,EaseMyTrip,BLR,BOM,2026-09-26,45,2529.23,713.37,3242.6,2026-08-12 11:48:00,SIMULATED_BACKTEST
346,EaseMyTrip,DEL,HYD,2026-08-13,1,5614.28,1583.52,7197.8,2026-08-12 11:48:00,SIMULATED_BACKTEST
347,EaseMyTrip,DEL,HYD,2026-08-19,7,4354.32,1228.14,5582.46,2026-08-12 11:48:00,SIMULATED_BACKTEST
348,EaseMyTrip,DEL,HYD,2026-08-27,15,3712.18,1047.02,4759.2,2026-08-12 11:48:00,SIMULATED_BACKTEST
349,EaseMyTrip,DEL,HYD,2026-09-11,30,3320.23,936.47,4256.7,2026-08-12 11:48:00,SIMULATED_BACKTEST
350,EaseMyTrip,DEL,HYD,2026-09-26,45,2950.24,832.12,3782.36,2026-08-12 11:48:00,SIMULATED_BACKTEST
351,EaseMyTrip,DEL,PNQ,2026-08-13,1,5245.97,1479.63,6725.6,2026-08-12 11:48:00,SIMULATED_BACKTEST
352,EaseMyTrip,DEL,PNQ,2026-08-19,7,4185.19,1180.44,5365.63,2026-08-12 11:48:00,SIMULATED_BACKTEST
353,EaseMyTrip,DEL,PNQ,2026-08-27,15,3468.19,978.21,4446.4,2026-08-12 11:48:00,SIMULATED_BACKTEST
354,EaseMyTrip,DEL,PNQ,2026-09-11,30,3123.05,880.86,4003.91,2026-08-12 11:48:00,SIMULATED_BACKTEST
355,EaseMyTrip,DEL,PNQ,2026-09-26,45,2839.92,801.0,3640.92,2026-08-12 11:48:00,SIMULATED_BACKTEST
356,EaseMyTrip,DEL,CCU,2026-08-13,1,6786.94,1914.26,8701.2,2026-08-12 11:48:00,SIMULATED_BACKTEST
357,EaseMyTrip,DEL,CCU,2026-08-19,7,5334.9,1504.72,6839.62,2026-08-12 11:48:00,SIMULATED_BACKTEST
358,EaseMyTrip,DEL,CCU,2026-08-27,15,4552.7,1284.1,5836.8,2026-08-12 11:48:00,SIMULATED_BACKTEST
359,EaseMyTrip,DEL,CCU,2026-09-11,30,3972.21,1120.37,5092.58,2026-08-12 11:48:00,SIMULATED_BACKTEST
360,EaseMyTrip,DEL,CCU,2026-09-26,45,3592.24,1013.2,4605.44,2026-08-12 11:48:00,SIMULATED_BACKTEST
361,EaseMyTrip,DEL,BOM,2026-08-14,1,7815.21,2204.29,10019.5,2026-08-13 08:51:00,SIMULATED_BACKTEST
362,EaseMyTrip,DEL,BOM,2026-08-20,7,6142.3,1732.44,7874.74,2026-08-13 08:51:00,SIMULATED_BACKTEST
363,EaseMyTrip,DEL,BOM,2026-08-28,15,5172.96,1459.04,6632.0,2026-08-13 08:51:00,SIMULATED_BACKTEST
364,EaseMyTrip,DEL,BOM,2026-09-12,30,4625.28,1304.56,5929.84,2026-08-13 08:51:00,SIMULATED_BACKTEST
365,EaseMyTrip,DEL,BOM,2026-09-27,45,4152.25,1171.15,5323.4,2026-08-13 08:51:00,SIMULATED_BACKTEST
366,EaseMyTrip,BLR,DEL,2026-08-14,1,7663.34,2161.46,9824.8,2026-08-13 08:51:00,SIMULATED_BACKTEST
367,EaseMyTrip,BLR,DEL,2026-08-20,7,6022.89,1698.77,7721.66,2026-08-13 08:51:00,SIMULATED_BACKTEST
368,EaseMyTrip,BLR,DEL,2026-08-28,15,5117.74,1443.46,6561.2,2026-08-13 08:51:00,SIMULATED_BACKTEST
369,EaseMyTrip,BLR,DEL,2026-09-12,30,4459.18,1257.72,5716.9,2026-08-13 08:51:00,SIMULATED_BACKTEST
370,EaseMyTrip,BLR,DEL,2026-09-27,45,4099.96,1156.4,5256.36,2026-08-13 08:51:00,SIMULATED_BACKTEST
371,EaseMyTrip,BLR,BOM,2026-08-14,1,4569.63,1288.87,5858.5,2026-08-13 08:51:00,SIMULATED_BACKTEST
372,EaseMyTrip,BLR,BOM,2026-08-20,7,3576.25,1008.69,4584.94,2026-08-13 08:51:00,SIMULATED_BACKTEST
373,EaseMyTrip,BLR,BOM,2026-08-28,15,3071.64,866.36,3938.0,2026-08-13 08:51:00,SIMULATED_BACKTEST
374,EaseMyTrip,BLR,BOM,2026-09-12,30,2674.65,754.39,3429.04,2026-08-13 08:51:00,SIMULATED_BACKTEST
375,EaseMyTrip,BLR,BOM,2026-09-27,45,2448.73,690.67,3139.4,2026-08-13 08:51:00,SIMULATED_BACKTEST
376,EaseMyTrip,DEL,HYD,2026-08-14,1,5535.04,1561.16,7096.2,2026-08-13 08:51:00,SIMULATED_BACKTEST
377,EaseMyTrip,DEL,HYD,2026-08-20,7,4294.85,1211.37,5506.22,2026-08-13 08:51:00,SIMULATED_BACKTEST
378,EaseMyTrip,DEL,HYD,2026-08-28,15,3695.48,1042.32,4737.8,2026-08-13 08:51:00,SIMULATED_BACKTEST
379,EaseMyTrip,DEL,HYD,2026-09-12,30,3230.12,911.06,4141.18,2026-08-13 08:51:00,SIMULATED_BACKTEST
380,EaseMyTrip,DEL,HYD,2026-09-27,45,2894.14,816.3,3710.44,2026-08-13 08:51:00,SIMULATED_BACKTEST
381,EaseMyTrip,DEL,PNQ,2026-08-14,1,5188.48,1463.42,6651.9,2026-08-13 08:51:00,SIMULATED_BACKTEST
382,EaseMyTrip,DEL,PNQ,2026-08-20,7,4073.03,1148.8,5221.83,2026-08-13 08:51:00,SIMULATED_BACKTEST
383,EaseMyTrip,DEL,PNQ,2026-08-28,15,3434.81,968.79,4403.6,2026-08-13 08:51:00,SIMULATED_BACKTEST
384,EaseMyTrip,DEL,PNQ,2026-09-12,30,3057.95,862.5,3920.45,2026-08-13 08:51:00,SIMULATED_BACKTEST
385,EaseMyTrip,DEL,PNQ,2026-09-27,45,2754.71,776.97,3531.68,2026-08-13 08:51:00,SIMULATED_BACKTEST
386,EaseMyTrip,DEL,CCU,2026-08-14,1,7451.03,2101.57,9552.6,2026-08-13 08:51:00,SIMULATED_BACKTEST
387,EaseMyTrip,DEL,CCU,2026-08-20,7,5869.34,1655.45,7524.79,2026-08-13 08:51:00,SIMULATED_BACKTEST
388,EaseMyTrip,DEL,CCU,2026-08-28,15,4922.89,1388.51,6311.4,2026-08-13 08:51:00,SIMULATED_BACKTEST
389,EaseMyTrip,DEL,CCU,2026-09-12,30,4370.71,1232.76,5603.47,2026-08-13 08:51:00,SIMULATED_BACKTEST
390,EaseMyTrip,DEL,CCU,2026-09-27,45,3979.19,1122.33,5101.52,2026-08-13 08:51:00,SIMULATED_BACKTEST
391,EaseMyTrip,DEL,BOM,2026-08-15,1,7830.03,2208.47,10038.5,2026-08-14 09:54:00,SIMULATED_BACKTEST
392,EaseMyTrip,DEL,BOM,2026-08-21,7,6203.14,1749.6,7952.74,2026-08-14 09:54:00,SIMULATED_BACKTEST
393,EaseMyTrip,DEL,BOM,2026-08-29,15,5270.46,1486.54,6757.0,2026-08-14 09:54:00,SIMULATED_BACKTEST
394,EaseMyTrip,DEL,BOM,2026-09-13,30,4566.78,1288.06,5854.84,2026-08-14 09:54:00,SIMULATED_BACKTEST
395,EaseMyTrip,DEL,BOM,2026-09-28,45,4178.77,1178.63,5357.4,2026-08-14 09:54:00,SIMULATED_BACKTEST
396,EaseMyTrip,BLR,DEL,2026-08-15,1,7582.22,2138.58,9720.8,2026-08-14 09:54:00,SIMULATED_BACKTEST
397,EaseMyTrip,BLR,DEL,2026-08-21,7,6037.71,1702.95,7740.66,2026-08-14 09:54:00,SIMULATED_BACKTEST
398,EaseMyTrip,BLR,DEL,2026-08-29,15,5136.46,1448.74,6585.2,2026-08-14 09:54:00,SIMULATED_BACKTEST
399,EaseMyTrip,BLR,DEL,2026-09-13,30,4495.06,1267.84,5762.9,2026-08-14 09:54:00,SIMULATED_BACKTEST
400,EaseMyTrip,BLR,DEL,2026-09-28,45,4048.48,1141.88,5190.36,2026-08-14 09:54:00,SIMULATED_BACKTEST
401,EaseMyTrip,BLR,BOM,2026-08-15,1,4632.03,1306.47,5938.5,2026-08-14 09:54:00,SIMULATED_BACKTEST
402,EaseMyTrip,BLR,BOM,2026-08-21,7,3584.83,1011.11,4595.94,2026-08-14 09:54:00,SIMULATED_BACKTEST
403,EaseMyTrip,BLR,BOM,2026-08-29,15,3102.84,875.16,3978.0,2026-08-14 09:54:00,SIMULATED_BACKTEST
404,EaseMyTrip,BLR,BOM,2026-09-13,30,2742.51,773.53,3516.04,2026-08-14 09:54:00,SIMULATED_BACKTEST
405,EaseMyTrip,BLR,BOM,2026-09-28,45,2436.25,687.15,3123.4,2026-08-14 09:54:00,SIMULATED_BACKTEST
406,EaseMyTrip,DEL,HYD,2026-08-15,1,5457.82,1539.38,6997.2,2026-08-14 09:54:00,SIMULATED_BACKTEST
407,EaseMyTrip,DEL,HYD,2026-08-21,7,4311.23,1215.99,5527.22,2026-08-14 09:54:00,SIMULATED_BACKTEST
408,EaseMyTrip,DEL,HYD,2026-08-29,15,3692.36,1041.44,4733.8,2026-08-14 09:54:00,SIMULATED_BACKTEST
409,EaseMyTrip,DEL,HYD,2026-09-13,30,3245.72,915.46,4161.18,2026-08-14 09:54:00,SIMULATED_BACKTEST
410,EaseMyTrip,DEL,HYD,2026-09-28,45,2943.28,830.16,3773.44,2026-08-14 09:54:00,SIMULATED_BACKTEST
411,EaseMyTrip,DEL,PNQ,2026-08-15,1,5147.14,1451.76,6598.9,2026-08-14 09:54:00,SIMULATED_BACKTEST
412,EaseMyTrip,DEL,PNQ,2026-08-21,7,4134.65,1166.18,5300.83,2026-08-14 09:54:00,SIMULATED_BACKTEST
413,EaseMyTrip,DEL,PNQ,2026-08-29,15,3478.49,981.11,4459.6,2026-08-14 09:54:00,SIMULATED_BACKTEST
414,EaseMyTrip,DEL,PNQ,2026-09-13,30,3015.05,850.4,3865.45,2026-08-14 09:54:00,SIMULATED_BACKTEST
415,EaseMyTrip,DEL,PNQ,2026-09-28,45,2785.91,785.77,3571.68,2026-08-14 09:54:00,SIMULATED_BACKTEST
416,EaseMyTrip,DEL,CCU,2026-08-15,1,7445.57,2100.03,9545.6,2026-08-14 09:54:00,SIMULATED_BACKTEST
417,EaseMyTrip,DEL,CCU,2026-08-21,7,5817.08,1640.71,7457.79,2026-08-14 09:54:00,SIMULATED_BACKTEST
418,EaseMyTrip,DEL,CCU,2026-08-29,15,4988.41,1406.99,6395.4,2026-08-14 09:54:00,SIMULATED_BACKTEST
419,EaseMyTrip,DEL,CCU,2026-09-13,30,4397.23,1240.24,5637.47,2026-08-14 09:54:00,SIMULATED_BACKTEST
420,EaseMyTrip,DEL,CCU,2026-09-28,45,4001.81,1128.71,5130.52,2026-08-14 09:54:00,SIMULATED_BACKTEST
421,EaseMyTrip,DEL,BOM,2026-08-16,1,7862.01,2217.49,10079.5,2026-08-15 10:57:00,SIMULATED_BACKTEST
422,EaseMyTrip,DEL,BOM,2026-08-22,7,6176.62,1742.12,7918.74,2026-08-15 10:57:00,SIMULATED_BACKTEST
423,EaseMyTrip,DEL,BOM,2026-08-30,15,5218.2,1471.8,6690.0,2026-08-15 10:57:00,SIMULATED_BACKTEST
424,EaseMyTrip,DEL,BOM,2026-09-14,30,4572.24,1289.6,5861.84,2026-08-15 10:57:00,SIMULATED_BACKTEST
425,EaseMyTrip,DEL,BOM,2026-09-29,45,4154.59,1171.81,5326.4,2026-08-15 10:57:00,SIMULATED_BACKTEST
426,EaseMyTrip,BLR,DEL,2026-08-16,1,7644.62,2156.18,9800.8,2026-08-15 10:57:00,SIMULATED_BACKTEST
427,EaseMyTrip,BLR,DEL,2026-08-22,7,5994.81,1690.85,7685.66,2026-08-15 10:57:00,SIMULATED_BACKTEST
428,EaseMyTrip,BLR,DEL,2026-08-30,15,5082.64,1433.56,6516.2,2026-08-15 10:57:00,SIMULATED_BACKTEST
429,EaseMyTrip,BLR,DEL,2026-09-14,30,4456.06,1256.84,5712.9,2026-08-15 10:57:00,SIMULATED_BACKTEST
430,EaseMyTrip,BLR,DEL,2026-09-29,45,4025.86,1135.5,5161.36,2026-08-15 10:57:00,SIMULATED_BACKTEST
431,EaseMyTrip,BLR,BOM,2026-08-16,1,4610.97,1300.53,5911.5,2026-08-15 10:57:00,SIMULATED_BACKTEST
432,EaseMyTrip,BLR,BOM,2026-08-22,7,3663.61,1033.33,4696.94,2026-08-15 10:57:00,SIMULATED_BACKTEST
433,EaseMyTrip,BLR,BOM,2026-08-30,15,3043.56,858.44,3902.0,2026-08-15 10:57:00,SIMULATED_BACKTEST
434,EaseMyTrip,BLR,BOM,2026-09-14,30,2705.07,762.97,3468.04,2026-08-15 10:57:00,SIMULATED_BACKTEST
435,EaseMyTrip,BLR,BOM,2026-09-29,45,2401.15,677.25,3078.4,2026-08-15 10:57:00,SIMULATED_BACKTEST
436,EaseMyTrip,DEL,HYD,2026-08-16,1,5479.66,1545.54,7025.2,2026-08-15 10:57:00,SIMULATED_BACKTEST
437,EaseMyTrip,DEL,HYD,2026-08-22,7,4312.79,1216.43,5529.22,2026-08-15 10:57:00,SIMULATED_BACKTEST
438,EaseMyTrip,DEL,HYD,2026-08-30,15,3623.72,1022.08,4645.8,2026-08-15 10:57:00,SIMULATED_BACKTEST
439,EaseMyTrip,DEL,HYD,2026-09-14,30,3175.52,895.66,4071.18,2026-08-15 10:57:00,SIMULATED_BACKTEST
440,EaseMyTrip,DEL,HYD,2026-09-29,45,2937.04,828.4,3765.44,2026-08-15 10:57:00,SIMULATED_BACKTEST
441,EaseMyTrip,DEL,PNQ,2026-08-16,1,5139.34,1449.56,6588.9,2026-08-15 10:57:00,SIMULATED_BACKTEST
442,EaseMyTrip,DEL,PNQ,2026-08-22,7,4075.37,1149.46,5224.83,2026-08-15 10:57:00,SIMULATED_BACKTEST
443,EaseMyTrip,DEL,PNQ,2026-08-30,15,3405.17,960.43,4365.6,2026-08-15 10:57:00,SIMULATED_BACKTEST
444,EaseMyTrip,DEL,PNQ,2026-09-14,30,3029.09,854.36,3883.45,2026-08-15 10:57:00,SIMULATED_BACKTEST
445,EaseMyTrip,DEL,PNQ,2026-09-29,45,2755.49,777.19,3532.68,2026-08-15 10:57:00,SIMULATED_BACKTEST
446,EaseMyTrip,DEL,CCU,2026-08-16,1,7481.45,2110.15,9591.6,2026-08-15 10:57:00,SIMULATED_BACKTEST
447,EaseMyTrip,DEL,CCU,2026-08-22,7,5820.98,1641.81,7462.79,2026-08-15 10:57:00,SIMULATED_BACKTEST
448,EaseMyTrip,DEL,CCU,2026-08-30,15,5018.05,1415.35,6433.4,2026-08-15 10:57:00,SIMULATED_BACKTEST
449,EaseMyTrip,DEL,CCU,2026-09-14,30,4416.73,1245.74,5662.47,2026-08-15 10:57:00,SIMULATED_BACKTEST
450,EaseMyTrip,DEL,CCU,2026-09-29,45,4019.75,1133.77,5153.52,2026-08-15 10:57:00,SIMULATED_BACKTEST
451,EaseMyTrip,DEL,BOM,2026-08-17,1,7872.15,2220.35,10092.5,2026-08-16 11:15:00,SIMULATED_BACKTEST
452,EaseMyTrip,DEL,BOM,2026-08-23,7,6139.18,1731.56,7870.74,2026-08-16 11:15:00,SIMULATED_BACKTEST
453,EaseMyTrip,DEL,BOM,2026-08-31,15,5180.76,1461.24,6642.0,2026-08-16 11:15:00,SIMULATED_BACKTEST
454,EaseMyTrip,DEL,BOM,2026-09-15,30,4647.12,1310.72,5957.84,2026-08-16 11:15:00,SIMULATED_BACKTEST
455,EaseMyTrip,DEL,BOM,2026-09-30,45,4220.11,1190.29,5410.4,2026-08-16 11:15:00,SIMULATED_BACKTEST
456,EaseMyTrip,BLR,DEL,2026-08-17,1,7653.98,2158.82,9812.8,2026-08-16 11:15:00,SIMULATED_BACKTEST
457,EaseMyTrip,BLR,DEL,2026-08-23,7,6016.65,1697.01,7713.66,2026-08-16 11:15:00,SIMULATED_BACKTEST
458,EaseMyTrip,BLR,DEL,2026-08-31,15,5096.68,1437.52,6534.2,2026-08-16 11:15:00,SIMULATED_BACKTEST
459,EaseMyTrip,BLR,DEL,2026-09-15,30,4512.22,1272.68,5784.9,2026-08-16 11:15:00,SIMULATED_BACKTEST
460,EaseMyTrip,BLR,DEL,2026-09-30,45,4049.26,1142.1,5191.36,2026-08-16 11:15:00,SIMULATED_BACKTEST
461,EaseMyTrip,BLR,BOM,2026-08-17,1,4639.83,1308.67,5948.5,2026-08-16 11:15:00,SIMULATED_BACKTEST
462,EaseMyTrip,BLR,BOM,2026-08-23,7,3664.39,1033.55,4697.94,2026-08-16 11:15:00,SIMULATED_BACKTEST
463,EaseMyTrip,BLR,BOM,2026-08-31,15,3093.48,872.52,3966.0,2026-08-16 11:15:00,SIMULATED_BACKTEST
464,EaseMyTrip,BLR,BOM,2026-09-15,30,2695.71,760.33,3456.04,2026-08-16 11:15:00,SIMULATED_BACKTEST
465,EaseMyTrip,BLR,BOM,2026-09-30,45,2507.23,707.17,3214.4,2026-08-16 11:15:00,SIMULATED_BACKTEST
466,EaseMyTrip,DEL,HYD,2026-08-17,1,5504.62,1552.58,7057.2,2026-08-16 11:15:00,SIMULATED_BACKTEST
467,EaseMyTrip,DEL,HYD,2026-08-23,7,4348.67,1226.55,5575.22,2026-08-16 11:15:00,SIMULATED_BACKTEST
468,EaseMyTrip,DEL,HYD,2026-08-31,15,3664.28,1033.52,4697.8,2026-08-16 11:15:00,SIMULATED_BACKTEST
469,EaseMyTrip,DEL,HYD,2026-09-15,30,3213.74,906.44,4120.18,2026-08-16 11:15:00,SIMULATED_BACKTEST
470,EaseMyTrip,DEL,HYD,2026-09-30,45,2959.66,834.78,3794.44,2026-08-16 11:15:00,SIMULATED_BACKTEST
471,EaseMyTrip,DEL,PNQ,2026-08-17,1,5222.8,1473.1,6695.9,2026-08-16 11:15:00,SIMULATED_BACKTEST
472,EaseMyTrip,DEL,PNQ,2026-08-23,7,4101.89,1156.94,5258.83,2026-08-16 11:15:00,SIMULATED_BACKTEST
473,EaseMyTrip,DEL,PNQ,2026-08-31,15,3434.03,968.57,4402.6,2026-08-16 11:15:00,SIMULATED_BACKTEST
474,EaseMyTrip,DEL,PNQ,2026-09-15,30,3060.29,863.16,3923.45,2026-08-16 11:15:00,SIMULATED_BACKTEST
475,EaseMyTrip,DEL,PNQ,2026-09-30,45,2743.01,773.67,3516.68,2026-08-16 11:15:00,SIMULATED_BACKTEST
476,EaseMyTrip,DEL,CCU,2026-08-17,1,7450.25,2101.35,9551.6,2026-08-16 11:15:00,SIMULATED_BACKTEST
477,EaseMyTrip,DEL,CCU,2026-08-23,7,5824.88,1642.91,7467.79,2026-08-16 11:15:00,SIMULATED_BACKTEST
478,EaseMyTrip,DEL,CCU,2026-08-31,15,4975.93,1403.47,6379.4,2026-08-16 11:15:00,SIMULATED_BACKTEST
479,EaseMyTrip,DEL,CCU,2026-09-15,30,4395.67,1239.8,5635.47,2026-08-16 11:15:00,SIMULATED_BACKTEST
480,EaseMyTrip,DEL,CCU,2026-09-30,45,3996.35,1127.17,5123.52,2026-08-16 11:15:00,SIMULATED_BACKTEST
481,EaseMyTrip,DEL,BOM,2026-08-18,1,6026.67,1699.83,7726.5,2026-08-17 08:18:00,SIMULATED_BACKTEST
482,EaseMyTrip,DEL,BOM,2026-08-24,7,4745.04,1338.34,6083.38,2026-08-17 08:18:00,SIMULATED_BACKTEST
483,EaseMyTrip,DEL,BOM,2026-09-01,15,3962.4,1117.6,5080.0,2026-08-17 08:18:00,SIMULATED_BACKTEST
484,EaseMyTrip,DEL,BOM,2026-09-16,30,3528.78,995.3,4524.08,2026-08-17 08:18:00,SIMULATED_BACKTEST
485,EaseMyTrip,DEL,BOM,2026-10-01,45,3166.64,893.16,4059.8,2026-08-17 08:18:00,SIMULATED_BACKTEST
486,EaseMyTrip,BLR,DEL,2026-08-18,1,6986.3,1970.5,8956.8,2026-08-17 08:18:00,SIMULATED_BACKTEST
487,EaseMyTrip,BLR,DEL,2026-08-24,7,5450.25,1537.25,6987.5,2026-08-17 08:18:00,SIMULATED_BACKTEST
488,EaseMyTrip,BLR,DEL,2026-09-01,15,4592.8,1295.4,5888.2,2026-08-17 08:18:00,SIMULATED_BACKTEST
489,EaseMyTrip,BLR,DEL,2026-09-16,30,4134.27,1166.07,5300.34,2026-08-17 08:18:00,SIMULATED_BACKTEST
490,EaseMyTrip,BLR,DEL,2026-10-01,45,3703.25,1044.51,4747.76,2026-08-17 08:18:00,SIMULATED_BACKTEST
491,EaseMyTrip,BLR,BOM,2026-08-18,1,4297.41,1212.09,5509.5,2026-08-17 08:18:00,SIMULATED_BACKTEST
492,EaseMyTrip,BLR,BOM,2026-08-24,7,3359.66,947.6,4307.26,2026-08-17 08:18:00,SIMULATED_BACKTEST
493,EaseMyTrip,BLR,BOM,2026-09-01,15,2806.44,791.56,3598.0,2026-08-17 08:18:00,SIMULATED_BACKTEST
494,EaseMyTrip,BLR,BOM,2026-09-16,30,2496.12,704.04,3200.16,2026-08-17 08:18:00,SIMULATED_BACKTEST
495,EaseMyTrip,BLR,BOM,2026-10-01,45,2254.67,635.93,2890.6,2026-08-17 08:18:00,SIMULATED_BACKTEST
496,EaseMyTrip,DEL,HYD,2026-08-18,1,5059.7,1427.1,6486.8,2026-08-17 08:18:00,SIMULATED_BACKTEST
497,EaseMyTrip,DEL,HYD,2026-08-24,7,4021.91,1134.39,5156.3,2026-08-17 08:18:00,SIMULATED_BACKTEST
498,EaseMyTrip,DEL,HYD,2026-09-01,15,3394.72,957.48,4352.2,2026-08-17 08:18:00,SIMULATED_BACKTEST
499,EaseMyTrip,DEL,HYD,2026-09-16,30,3010.91,849.23,3860.14,2026-08-17 08:18:00,SIMULATED_BACKTEST
500,EaseMyTrip,DEL,HYD,2026-10-01,45,2771.93,781.83,3553.76,2026-08-17 08:18:00,SIMULATED_BACKTEST
501,EaseMyTrip,DEL,PNQ,2026-08-18,1,4847.78,1367.32,6215.1,2026-08-17 08:18:00,SIMULATED_BACKTEST
502,EaseMyTrip,DEL,PNQ,2026-08-24,7,3822.48,1078.13,4900.61,2026-08-17 08:18:00,SIMULATED_BACKTEST
503,EaseMyTrip,DEL,PNQ,2026-09-01,15,3256.81,918.59,4175.4,2026-08-17 08:18:00,SIMULATED_BACKTEST
504,EaseMyTrip,DEL,PNQ,2026-09-16,30,2847.46,803.13,3650.59,2026-08-17 08:18:00,SIMULATED_BACKTEST
505,EaseMyTrip,DEL,PNQ,2026-10-01,45,2587.04,729.68,3316.72,2026-08-17 08:18:00,SIMULATED_BACKTEST
506,EaseMyTrip,DEL,CCU,2026-08-18,1,6201.16,1749.04,7950.2,2026-08-17 08:18:00,SIMULATED_BACKTEST
507,EaseMyTrip,DEL,CCU,2026-08-24,7,4864.84,1372.14,6236.98,2026-08-17 08:18:00,SIMULATED_BACKTEST
508,EaseMyTrip,DEL,CCU,2026-09-01,15,4124.48,1163.32,5287.8,2026-08-17 08:18:00,SIMULATED_BACKTEST
509,EaseMyTrip,DEL,CCU,2026-09-16,30,3652.23,1030.11,4682.34,2026-08-17 08:18:00,SIMULATED_BACKTEST
510,EaseMyTrip,DEL,CCU,2026-10-01,45,3317.37,935.67,4253.04,2026-08-17 08:18:00,SIMULATED_BACKTEST
511,EaseMyTrip,DEL,BOM,2026-08-19,1,6001.91,1692.84,7694.75,2026-08-18 09:21:00,SIMULATED_BACKTEST
512,EaseMyTrip,DEL,BOM,2026-08-25,7,4723.02,1332.13,6055.15,2026-08-18 09:21:00,SIMULATED_BACKTEST
513,EaseMyTrip,DEL,BOM,2026-09-02,15,3941.73,1111.77,5053.5,2026-08-18 09:21:00,SIMULATED_BACKTEST
514,EaseMyTrip,DEL,BOM,2026-09-17,30,3532.15,996.25,4528.4,2026-08-18 09:21:00,SIMULATED_BACKTEST
515,EaseMyTrip,DEL,BOM,2026-10-02,45,3144.18,886.82,4031.0,2026-08-18 09:21:00,SIMULATED_BACKTEST
516,EaseMyTrip,BLR,DEL,2026-08-19,1,6890.13,1943.37,8833.5,2026-08-18 09:21:00,SIMULATED_BACKTEST
517,EaseMyTrip,BLR,DEL,2026-08-25,7,5387.6,1519.58,6907.18,2026-08-18 09:21:00,SIMULATED_BACKTEST
518,EaseMyTrip,BLR,DEL,2026-09-02,15,4596.54,1296.46,5893.0,2026-08-18 09:21:00,SIMULATED_BACKTEST
519,EaseMyTrip,BLR,DEL,2026-09-17,30,4047.33,1141.55,5188.88,2026-08-18 09:21:00,SIMULATED_BACKTEST
520,EaseMyTrip,BLR,DEL,2026-10-02,45,3686.9,1039.9,4726.8,2026-08-18 09:21:00,SIMULATED_BACKTEST
521,EaseMyTrip,BLR,BOM,2026-08-19,1,4287.47,1209.28,5496.75,2026-08-18 09:21:00,SIMULATED_BACKTEST
522,EaseMyTrip,BLR,BOM,2026-08-25,7,3292.03,928.52,4220.55,2026-08-18 09:21:00,SIMULATED_BACKTEST
523,EaseMyTrip,BLR,BOM,2026-09-02,15,2872.35,810.15,3682.5,2026-08-18 09:21:00,SIMULATED_BACKTEST
524,EaseMyTrip,BLR,BOM,2026-09-17,30,2500.52,705.28,3205.8,2026-08-18 09:21:00,SIMULATED_BACKTEST
525,EaseMyTrip,BLR,BOM,2026-10-02,45,2290.08,645.92,2936.0,2026-08-18 09:21:00,SIMULATED_BACKTEST
526,EaseMyTrip,DEL,HYD,2026-08-19,1,5038.02,1420.98,6459.0,2026-08-18 09:21:00,SIMULATED_BACKTEST
527,EaseMyTrip,DEL,HYD,2026-08-25,7,4009.73,1130.95,5140.68,2026-08-18 09:21:00,SIMULATED_BACKTEST
528,EaseMyTrip,DEL,HYD,2026-09-02,15,3422.64,965.36,4388.0,2026-08-18 09:21:00,SIMULATED_BACKTEST
529,EaseMyTrip,DEL,HYD,2026-09-17,30,2984.19,841.69,3825.88,2026-08-18 09:21:00,SIMULATED_BACKTEST
530,EaseMyTrip,DEL,HYD,2026-10-02,45,2653.4,748.4,3401.8,2026-08-18 09:21:00,SIMULATED_BACKTEST
531,EaseMyTrip,DEL,PNQ,2026-08-19,1,4794.47,1352.28,6146.75,2026-08-18 09:21:00,SIMULATED_BACKTEST
532,EaseMyTrip,DEL,PNQ,2026-08-25,7,3732.85,1052.86,4785.71,2026-08-18 09:21:00,SIMULATED_BACKTEST
533,EaseMyTrip,DEL,PNQ,2026-09-02,15,3161.73,891.77,4053.5,2026-08-18 09:21:00,SIMULATED_BACKTEST
534,EaseMyTrip,DEL,PNQ,2026-09-17,30,2771.62,781.74,3553.36,2026-08-18 09:21:00,SIMULATED_BACKTEST
535,EaseMyTrip,DEL,PNQ,2026-10-02,45,2515.97,709.63,3225.6,2026-08-18 09:21:00,SIMULATED_BACKTEST
536,EaseMyTrip,DEL,CCU,2026-08-19,1,6149.91,1734.59,7884.5,2026-08-18 09:21:00,SIMULATED_BACKTEST
537,EaseMyTrip,DEL,CCU,2026-08-25,7,4811.21,1357.01,6168.22,2026-08-18 09:21:00,SIMULATED_BACKTEST
538,EaseMyTrip,DEL,CCU,2026-09-02,15,4042.74,1140.26,5183.0,2026-08-18 09:21:00,SIMULATED_BACKTEST
539,EaseMyTrip,DEL,CCU,2026-09-17,30,3629.75,1023.77,4653.52,2026-08-18 09:21:00,SIMULATED_BACKTEST
540,EaseMyTrip,DEL,CCU,2026-10-02,45,3286.3,926.9,4213.2,2026-08-18 09:21:00,SIMULATED_BACKTEST
541,EaseMyTrip,DEL,BOM,2026-08-20,1,5948.28,1677.72,7626.0,2026-08-19 10:24:00,SIMULATED_BACKTEST
542,EaseMyTrip,DEL,BOM,2026-08-26,7,4604.28,1298.64,5902.92,2026-08-19 10:24:00,SIMULATED_BACKTEST
543,EaseMyTrip,DEL,BOM,2026-09-03,15,3907.02,1101.98,5009.0,2026-08-19 10:24:00,SIMULATED_BACKTEST
544,EaseMyTrip,DEL,BOM,2026-09-18,30,3487.94,983.78,4471.72,2026-08-19 10:24:00,SIMULATED_BACKTEST
545,EaseMyTrip,DEL,BOM,2026-10-03,45,3140.44,885.76,4026.2,2026-08-19 10:24:00,SIMULATED_BACKTEST
546,EaseMyTrip,BLR,DEL,2026-08-20,1,6824.38,1924.82,8749.2,2026-08-19 10:24:00,SIMULATED_BACKTEST
547,EaseMyTrip,BLR,DEL,2026-08-26,7,5342.11,1506.75,6848.86,2026-08-19 10:24:00,SIMULATED_BACKTEST
548,EaseMyTrip,BLR,DEL,2026-09-03,15,4548.02,1282.78,5830.8,2026-08-19 10:24:00,SIMULATED_BACKTEST
549,EaseMyTrip,BLR,DEL,2026-09-18,30,3997.83,1127.59,5125.42,2026-08-19 10:24:00,SIMULATED_BACKTEST
550,EaseMyTrip,BLR,DEL,2026-10-03,45,3658.86,1031.98,4690.84,2026-08-19 10:24:00,SIMULATED_BACKTEST
551,EaseMyTrip,BLR,BOM,2026-08-20,1,4235.4,1194.6,5430.0,2026-08-19 10:24:00,SIMULATED_BACKTEST
552,EaseMyTrip,BLR,BOM,2026-08-26,7,3321.9,936.94,4258.84,2026-08-19 10:24:00,SIMULATED_BACKTEST
553,EaseMyTrip,BLR,BOM,2026-09-03,15,2808.0,792.0,3600.0,2026-08-19 10:24:00,SIMULATED_BACKTEST
554,EaseMyTrip,BLR,BOM,2026-09-18,30,2464.36,695.08,3159.44,2026-08-19 10:24:00,SIMULATED_BACKTEST
555,EaseMyTrip,BLR,BOM,2026-10-03,45,2235.79,630.61,2866.4,2026-08-19 10:24:00,SIMULATED_BACKTEST
556,EaseMyTrip,DEL,HYD,2026-08-20,1,5055.34,1425.86,6481.2,2026-08-19 10:24:00,SIMULATED_BACKTEST
557,EaseMyTrip,DEL,HYD,2026-08-26,7,3949.97,1114.09,5064.06,2026-08-19 10:24:00,SIMULATED_BACKTEST
558,EaseMyTrip,DEL,HYD,2026-09-03,15,3368.66,950.14,4318.8,2026-08-19 10:24:00,SIMULATED_BACKTEST
559,EaseMyTrip,DEL,HYD,2026-09-18,30,2895.06,816.56,3711.62,2026-08-19 10:24:00,SIMULATED_BACKTEST
560,EaseMyTrip,DEL,HYD,2026-10-03,45,2663.58,751.26,3414.84,2026-08-19 10:24:00,SIMULATED_BACKTEST
561,EaseMyTrip,DEL,PNQ,2026-08-20,1,4721.65,1331.75,6053.4,2026-08-19 10:24:00,SIMULATED_BACKTEST
562,EaseMyTrip,DEL,PNQ,2026-08-26,7,3727.47,1051.34,4778.81,2026-08-19 10:24:00,SIMULATED_BACKTEST
563,EaseMyTrip,DEL,PNQ,2026-09-03,15,3104.09,875.51,3979.6,2026-08-19 10:24:00,SIMULATED_BACKTEST
564,EaseMyTrip,DEL,PNQ,2026-09-18,30,2756.62,777.51,3534.13,2026-08-19 10:24:00,SIMULATED_BACKTEST
565,EaseMyTrip,DEL,PNQ,2026-10-03,45,2501.83,705.65,3207.48,2026-08-19 10:24:00,SIMULATED_BACKTEST
566,EaseMyTrip,DEL,CCU,2026-08-20,1,6069.02,1711.78,7780.8,2026-08-19 10:24:00,SIMULATED_BACKTEST
567,EaseMyTrip,DEL,CCU,2026-08-26,7,4761.48,1342.98,6104.46,2026-08-19 10:24:00,SIMULATED_BACKTEST
568,EaseMyTrip,DEL,CCU,2026-09-03,15,3994.54,1126.66,5121.2,2026-08-19 10:24:00,SIMULATED_BACKTEST
569,EaseMyTrip,DEL,CCU,2026-09-18,30,3597.91,1014.79,4612.7,2026-08-19 10:24:00,SIMULATED_BACKTEST
570,EaseMyTrip,DEL,CCU,2026-10-03,45,3199.06,902.3,4101.36,2026-08-19 10:24:00,SIMULATED_BACKTEST
571,EaseMyTrip,DEL,BOM,2026-08-21,1,5865.8,1654.45,7520.25,2026-08-20 11:27:00,SIMULATED_BACKTEST
572,EaseMyTrip,DEL,BOM,2026-08-27,7,4641.54,1309.15,5950.69,2026-08-20 11:27:00,SIMULATED_BACKTEST
573,EaseMyTrip,DEL,BOM,2026-09-04,15,3903.51,1100.99,5004.5,2026-08-20 11:27:00,SIMULATED_BACKTEST
574,EaseMyTrip,DEL,BOM,2026-09-19,30,3378.99,953.05,4332.04,2026-08-20 11:27:00,SIMULATED_BACKTEST
575,EaseMyTrip,DEL,BOM,2026-10-04,45,3109.39,877.01,3986.4,2026-08-20 11:27:00,SIMULATED_BACKTEST
576,EaseMyTrip,BLR,DEL,2026-08-21,1,6778.9,1912.0,8690.9,2026-08-20 11:27:00,SIMULATED_BACKTEST
577,EaseMyTrip,BLR,DEL,2026-08-27,7,5295.85,1493.7,6789.55,2026-08-20 11:27:00,SIMULATED_BACKTEST
578,EaseMyTrip,BLR,DEL,2026-09-04,15,4539.29,1280.31,5819.6,2026-08-20 11:27:00,SIMULATED_BACKTEST
579,EaseMyTrip,BLR,DEL,2026-09-19,30,4017.76,1133.21,5150.97,2026-08-20 11:27:00,SIMULATED_BACKTEST
580,EaseMyTrip,BLR,DEL,2026-10-04,45,3647.97,1028.91,4676.88,2026-08-20 11:27:00,SIMULATED_BACKTEST
581,EaseMyTrip,BLR,BOM,2026-08-21,1,4193.48,1182.77,5376.25,2026-08-20 11:27:00,SIMULATED_BACKTEST
582,EaseMyTrip,BLR,BOM,2026-08-27,7,3222.28,908.85,4131.13,2026-08-20 11:27:00,SIMULATED_BACKTEST
583,EaseMyTrip,BLR,BOM,2026-09-04,15,2743.65,773.85,3517.5,2026-08-20 11:27:00,SIMULATED_BACKTEST
584,EaseMyTrip,BLR,BOM,2026-09-19,30,2457.84,693.24,3151.08,2026-08-20 11:27:00,SIMULATED_BACKTEST
585,EaseMyTrip,BLR,BOM,2026-10-04,45,2168.24,611.56,2779.8,2026-08-20 11:27:00,SIMULATED_BACKTEST
586,EaseMyTrip,DEL,HYD,2026-08-21,1,4944.73,1394.67,6339.4,2026-08-20 11:27:00,SIMULATED_BACKTEST
587,EaseMyTrip,DEL,HYD,2026-08-27,7,3954.95,1115.5,5070.45,2026-08-20 11:27:00,SIMULATED_BACKTEST
588,EaseMyTrip,DEL,HYD,2026-09-04,15,3356.81,946.79,4303.6,2026-08-20 11:27:00,SIMULATED_BACKTEST
589,EaseMyTrip,DEL,HYD,2026-09-19,30,2891.75,815.62,3707.37,2026-08-20 11:27:00,SIMULATED_BACKTEST
590,EaseMyTrip,DEL,HYD,2026-10-04,45,2633.97,742.91,3376.88,2026-08-20 11:27:00,SIMULATED_BACKTEST
591,EaseMyTrip,DEL,PNQ,2026-08-21,1,4725.28,1332.77,6058.05,2026-08-20 11:27:00,SIMULATED_BACKTEST
592,EaseMyTrip,DEL,PNQ,2026-08-27,7,3738.47,1054.44,4792.91,2026-08-20 11:27:00,SIMULATED_BACKTEST
593,EaseMyTrip,DEL,PNQ,2026-09-04,15,3177.49,896.21,4073.7,2026-08-20 11:27:00,SIMULATED_BACKTEST
594,EaseMyTrip,DEL,PNQ,2026-09-19,30,2732.26,770.64,3502.9,2026-08-20 11:27:00,SIMULATED_BACKTEST
595,EaseMyTrip,DEL,PNQ,2026-10-04,45,2489.26,702.1,3191.36,2026-08-20 11:27:00,SIMULATED_BACKTEST
596,EaseMyTrip,DEL,CCU,2026-08-21,1,6006.08,1694.02,7700.1,2026-08-20 11:27:00,SIMULATED_BACKTEST
597,EaseMyTrip,DEL,CCU,2026-08-27,7,4714.08,1329.61,6043.69,2026-08-20 11:27:00,SIMULATED_BACKTEST
598,EaseMyTrip,DEL,CCU,2026-09-04,15,4004.05,1129.35,5133.4,2026-08-20 11:27:00,SIMULATED_BACKTEST
599,EaseMyTrip,DEL,CCU,2026-09-19,30,3554.36,1002.51,4556.87,2026-08-20 11:27:00,SIMULATED_BACKTEST
600,EaseMyTrip,DEL,CCU,2026-10-04,45,3195.29,901.23,4096.52,2026-08-20 11:27:00,SIMULATED_BACKTEST
601,EaseMyTrip,DEL,BOM,2026-08-22,1,5782.53,1630.97,7413.5,2026-08-21 08:30:00,SIMULATED_BACKTEST
602,EaseMyTrip,DEL,BOM,2026-08-28,7,4539.96,1280.5,5820.46,2026-08-21 08:30:00,SIMULATED_BACKTEST
603,EaseMyTrip,DEL,BOM,2026-09-05,15,3864.9,1090.1,4955.0,2026-08-21 08:30:00,SIMULATED_BACKTEST
604,EaseMyTrip,DEL,BOM,2026-09-20,30,3367.54,949.82,4317.36,2026-08-21 08:30:00,SIMULATED_BACKTEST
605,EaseMyTrip,DEL,BOM,2026-10-05,45,3075.23,867.37,3942.6,2026-08-21 08:30:00,SIMULATED_BACKTEST
606,EaseMyTrip,BLR,DEL,2026-08-22,1,6694.43,1888.17,8582.6,2026-08-21 08:30:00,SIMULATED_BACKTEST
607,EaseMyTrip,BLR,DEL,2026-08-28,7,5302.62,1495.61,6798.23,2026-08-21 08:30:00,SIMULATED_BACKTEST
608,EaseMyTrip,BLR,DEL,2026-09-05,15,4433.05,1250.35,5683.4,2026-08-21 08:30:00,SIMULATED_BACKTEST
609,EaseMyTrip,BLR,DEL,2026-09-20,30,3967.48,1119.03,5086.51,2026-08-21 08:30:00,SIMULATED_BACKTEST
610,EaseMyTrip,BLR,DEL,2026-10-05,45,3606.66,1017.26,4623.92,2026-08-21 08:30:00,SIMULATED_BACKTEST
611,EaseMyTrip,BLR,BOM,2026-08-22,1,4114.89,1160.61,5275.5,2026-08-21 08:30:00,SIMULATED_BACKTEST
612,EaseMyTrip,BLR,BOM,2026-08-28,7,3238.11,913.31,4151.42,2026-08-21 08:30:00,SIMULATED_BACKTEST
613,EaseMyTrip,BLR,BOM,2026-09-05,15,2696.46,760.54,3457.0,2026-08-21 08:30:00,SIMULATED_BACKTEST
614,EaseMyTrip,BLR,BOM,2026-09-20,30,2406.08,678.64,3084.72,2026-08-21 08:30:00,SIMULATED_BACKTEST
615,EaseMyTrip,BLR,BOM,2026-10-05,45,2151.4,606.8,2758.2,2026-08-21 08:30:00,SIMULATED_BACKTEST
616,EaseMyTrip,DEL,HYD,2026-08-22,1,4885.61,1377.99,6263.6,2026-08-21 08:30:00,SIMULATED_BACKTEST
617,EaseMyTrip,DEL,HYD,2026-08-28,7,3824.99,1078.84,4903.83,2026-08-21 08:30:00,SIMULATED_BACKTEST
618,EaseMyTrip,DEL,HYD,2026-09-05,15,3247.45,915.95,4163.4,2026-08-21 08:30:00,SIMULATED_BACKTEST
619,EaseMyTrip,DEL,HYD,2026-09-20,30,2915.73,822.38,3738.11,2026-08-21 08:30:00,SIMULATED_BACKTEST
620,EaseMyTrip,DEL,HYD,2026-10-05,45,2673.78,754.14,3427.92,2026-08-21 08:30:00,SIMULATED_BACKTEST
621,EaseMyTrip,DEL,PNQ,2026-08-22,1,4672.75,1317.95,5990.7,2026-08-21 08:30:00,SIMULATED_BACKTEST
622,EaseMyTrip,DEL,PNQ,2026-08-28,7,3667.56,1034.44,4702.0,2026-08-21 08:30:00,SIMULATED_BACKTEST
623,EaseMyTrip,DEL,PNQ,2026-09-05,15,3121.4,880.4,4001.8,2026-08-21 08:30:00,SIMULATED_BACKTEST
624,EaseMyTrip,DEL,PNQ,2026-09-20,30,2700.87,761.79,3462.66,2026-08-21 08:30:00,SIMULATED_BACKTEST
625,EaseMyTrip,DEL,PNQ,2026-10-05,45,2471.23,697.01,3168.24,2026-08-21 08:30:00,SIMULATED_BACKTEST
626,EaseMyTrip,DEL,CCU,2026-08-22,1,5939.23,1675.17,7614.4,2026-08-21 08:30:00,SIMULATED_BACKTEST
627,EaseMyTrip,DEL,CCU,2026-08-28,7,4677.61,1319.32,5996.93,2026-08-21 08:30:00,SIMULATED_BACKTEST
628,EaseMyTrip,DEL,CCU,2026-09-05,15,3930.89,1108.71,5039.6,2026-08-21 08:30:00,SIMULATED_BACKTEST
629,EaseMyTrip,DEL,CCU,2026-09-20,30,3518.62,992.43,4511.05,2026-08-21 08:30:00,SIMULATED_BACKTEST
630,EaseMyTrip,DEL,CCU,2026-10-05,45,3180.59,897.09,4077.68,2026-08-21 08:30:00,SIMULATED_BACKTEST
631,EaseMyTrip,DEL,BOM,2026-08-23,1,7246.98,2044.02,9291.0,2026-08-22 09:33:00,SIMULATED_BACKTEST
632,EaseMyTrip,DEL,BOM,2026-08-29,7,5709.94,1610.5,7320.44,2026-08-22 09:33:00,SIMULATED_BACKTEST
633,EaseMyTrip,DEL,BOM,2026-09-06,15,4789.2,1350.8,6140.0,2026-08-22 09:33:00,SIMULATED_BACKTEST
634,EaseMyTrip,DEL,BOM,2026-09-21,30,4277.55,1206.49,5484.04,2026-08-22 09:33:00,SIMULATED_BACKTEST
635,EaseMyTrip,DEL,BOM,2026-10-06,45,3847.27,1085.13,4932.4,2026-08-22 09:33:00,SIMULATED_BACKTEST
636,EaseMyTrip,BLR,DEL,2026-08-23,1,7941.96,2240.04,10182.0,2026-08-22 09:33:00,SIMULATED_BACKTEST
637,EaseMyTrip,BLR,DEL,2026-08-29,7,6197.82,1748.1,7945.92,2026-08-22 09:33:00,SIMULATED_BACKTEST
638,EaseMyTrip,BLR,DEL,2026-09-06,15,5222.88,1473.12,6696.0,2026-08-22 09:33:00,SIMULATED_BACKTEST
639,EaseMyTrip,BLR,DEL,2026-09-21,30,4630.64,1306.08,5936.72,2026-08-22 09:33:00,SIMULATED_BACKTEST
640,EaseMyTrip,BLR,DEL,2026-10-06,45,4252.72,1199.48,5452.2,2026-08-22 09:33:00,SIMULATED_BACKTEST
641,EaseMyTrip,BLR,BOM,2026-08-23,1,4636.52,1307.73,5944.25,2026-08-22 09:33:00,SIMULATED_BACKTEST
642,EaseMyTrip,BLR,BOM,2026-08-29,7,3606.45,1017.2,4623.65,2026-08-22 09:33:00,SIMULATED_BACKTEST
643,EaseMyTrip,BLR,BOM,2026-09-06,15,3079.83,868.67,3948.5,2026-08-22 09:33:00,SIMULATED_BACKTEST
644,EaseMyTrip,BLR,BOM,2026-09-21,30,2669.47,752.93,3422.4,2026-08-22 09:33:00,SIMULATED_BACKTEST
645,EaseMyTrip,BLR,BOM,2026-10-06,45,2527.2,712.8,3240.0,2026-08-22 09:33:00,SIMULATED_BACKTEST
646,EaseMyTrip,DEL,HYD,2026-08-23,1,5843.45,1648.15,7491.6,2026-08-22 09:33:00,SIMULATED_BACKTEST
647,EaseMyTrip,DEL,HYD,2026-08-29,7,4658.28,1313.87,5972.15,2026-08-22 09:33:00,SIMULATED_BACKTEST
648,EaseMyTrip,DEL,HYD,2026-09-06,15,3931.51,1108.89,5040.4,2026-08-22 09:33:00,SIMULATED_BACKTEST
649,EaseMyTrip,DEL,HYD,2026-09-21,30,3458.7,975.53,4434.23,2026-08-22 09:33:00,SIMULATED_BACKTEST
650,EaseMyTrip,DEL,HYD,2026-10-06,45,3114.63,878.49,3993.12,2026-08-22 09:33:00,SIMULATED_BACKTEST
651,EaseMyTrip,DEL,PNQ,2026-08-23,1,5211.38,1469.87,6681.25,2026-08-22 09:33:00,SIMULATED_BACKTEST
652,EaseMyTrip,DEL,PNQ,2026-08-29,7,4106.49,1158.24,5264.73,2026-08-22 09:33:00,SIMULATED_BACKTEST
653,EaseMyTrip,DEL,PNQ,2026-09-06,15,3434.73,968.77,4403.5,2026-08-22 09:33:00,SIMULATED_BACKTEST
654,EaseMyTrip,DEL,PNQ,2026-09-21,30,3083.09,869.59,3952.68,2026-08-22 09:33:00,SIMULATED_BACKTEST
655,EaseMyTrip,DEL,PNQ,2026-10-06,45,2804.72,791.08,3595.8,2026-08-22 09:33:00,SIMULATED_BACKTEST
656,EaseMyTrip,DEL,CCU,2026-08-23,1,6752.85,1904.65,8657.5,2026-08-22 09:33:00,SIMULATED_BACKTEST
657,EaseMyTrip,DEL,CCU,2026-08-29,7,5315.59,1499.27,6814.86,2026-08-22 09:33:00,SIMULATED_BACKTEST
658,EaseMyTrip,DEL,CCU,2026-09-06,15,4453.02,1255.98,5709.0,2026-08-22 09:33:00,SIMULATED_BACKTEST
659,EaseMyTrip,DEL,CCU,2026-09-21,30,3943.49,1112.27,5055.76,2026-08-22 09:33:00,SIMULATED_BACKTEST
660,EaseMyTrip,DEL,CCU,2026-10-06,45,3622.01,1021.59,4643.6,2026-08-22 09:33:00,SIMULATED_BACKTEST
661,EaseMyTrip,DEL,BOM,2026-08-24,1,7266.48,2049.52,9316.0,2026-08-23 10:36:00,SIMULATED_BACKTEST
662,EaseMyTrip,DEL,BOM,2026-08-30,7,5693.56,1605.88,7299.44,2026-08-23 10:36:00,SIMULATED_BACKTEST
663,EaseMyTrip,DEL,BOM,2026-09-07,15,4882.02,1376.98,6259.0,2026-08-23 10:36:00,SIMULATED_BACKTEST
664,EaseMyTrip,DEL,BOM,2026-09-22,30,4269.75,1204.29,5474.04,2026-08-23 10:36:00,SIMULATED_BACKTEST
665,EaseMyTrip,DEL,BOM,2026-10-07,45,3865.21,1090.19,4955.4,2026-08-23 10:36:00,SIMULATED_BACKTEST
666,EaseMyTrip,BLR,DEL,2026-08-24,1,7927.14,2235.86,10163.0,2026-08-23 10:36:00,SIMULATED_BACKTEST
667,EaseMyTrip,BLR,DEL,2026-08-30,7,6231.36,1757.56,7988.92,2026-08-23 10:36:00,SIMULATED_BACKTEST
668,EaseMyTrip,BLR,DEL,2026-09-07,15,5213.52,1470.48,6684.0,2026-08-23 10:36:00,SIMULATED_BACKTEST
669,EaseMyTrip,BLR,DEL,2026-09-22,30,4595.54,1296.18,5891.72,2026-08-23 10:36:00,SIMULATED_BACKTEST
670,EaseMyTrip,BLR,DEL,2026-10-07,45,4189.54,1181.66,5371.2,2026-08-23 10:36:00,SIMULATED_BACKTEST
671,EaseMyTrip,BLR,BOM,2026-08-24,1,4621.69,1303.56,5925.25,2026-08-23 10:36:00,SIMULATED_BACKTEST
672,EaseMyTrip,BLR,BOM,2026-08-30,7,3671.97,1035.68,4707.65,2026-08-23 10:36:00,SIMULATED_BACKTEST
673,EaseMyTrip,BLR,BOM,2026-09-07,15,3122.73,880.77,4003.5,2026-08-23 10:36:00,SIMULATED_BACKTEST
674,EaseMyTrip,BLR,BOM,2026-09-22,30,2742.01,773.39,3515.4,2026-08-23 10:36:00,SIMULATED_BACKTEST
675,EaseMyTrip,BLR,BOM,2026-10-07,45,2461.68,694.32,3156.0,2026-08-23 10:36:00,SIMULATED_BACKTEST
676,EaseMyTrip,DEL,HYD,2026-08-24,1,5933.93,1673.67,7607.6,2026-08-23 10:36:00,SIMULATED_BACKTEST
677,EaseMyTrip,DEL,HYD,2026-08-30,7,4647.36,1310.79,5958.15,2026-08-23 10:36:00,SIMULATED_BACKTEST
678,EaseMyTrip,DEL,HYD,2026-09-07,15,3883.93,1095.47,4979.4,2026-08-23 10:36:00,SIMULATED_BACKTEST
679,EaseMyTrip,DEL,HYD,2026-09-22,30,3424.38,965.85,4390.23,2026-08-23 10:36:00,SIMULATED_BACKTEST
680,EaseMyTrip,DEL,HYD,2026-10-07,45,3176.25,895.87,4072.12,2026-08-23 10:36:00,SIMULATED_BACKTEST
681,EaseMyTrip,DEL,PNQ,2026-08-24,1,5282.36,1489.89,6772.25,2026-08-23 10:36:00,SIMULATED_BACKTEST
682,EaseMyTrip,DEL,PNQ,2026-08-30,7,4118.97,1161.76,5280.73,2026-08-23 10:36:00,SIMULATED_BACKTEST
683,EaseMyTrip,DEL,PNQ,2026-09-07,15,3461.25,976.25,4437.5,2026-08-23 10:36:00,SIMULATED_BACKTEST
684,EaseMyTrip,DEL,PNQ,2026-09-22,30,3081.53,869.15,3950.68,2026-08-23 10:36:00,SIMULATED_BACKTEST
685,EaseMyTrip,DEL,PNQ,2026-10-07,45,2764.94,779.86,3544.8,2026-08-23 10:36:00,SIMULATED_BACKTEST
686,EaseMyTrip,DEL,CCU,2026-08-24,1,6734.13,1899.37,8633.5,2026-08-23 10:36:00,SIMULATED_BACKTEST
687,EaseMyTrip,DEL,CCU,2026-08-30,7,5299.21,1494.65,6793.86,2026-08-23 10:36:00,SIMULATED_BACKTEST
688,EaseMyTrip,DEL,CCU,2026-09-07,15,4469.4,1260.6,5730.0,2026-08-23 10:36:00,SIMULATED_BACKTEST
689,EaseMyTrip,DEL,CCU,2026-09-22,30,3899.81,1099.95,4999.76,2026-08-23 10:36:00,SIMULATED_BACKTEST
690,EaseMyTrip,DEL,CCU,2026-10-07,45,3621.23,1021.37,4642.6,2026-08-23 10:36:00,SIMULATED_BACKTEST
691,EaseMyTrip,DEL,BOM,2026-08-25,1,7212.66,2034.34,9247.0,2026-08-24 11:39:00,SIMULATED_BACKTEST
692,EaseMyTrip,DEL,BOM,2026-08-31,7,5718.52,1612.92,7331.44,2026-08-24 11:39:00,SIMULATED_BACKTEST
693,EaseMyTrip,DEL,BOM,2026-09-08,15,4888.26,1378.74,6267.0,2026-08-24 11:39:00,SIMULATED_BACKTEST
694,EaseMyTrip,DEL,BOM,2026-09-23,30,4270.53,1204.51,5475.04,2026-08-24 11:39:00,SIMULATED_BACKTEST
695,EaseMyTrip,DEL,BOM,2026-10-08,45,3823.87,1078.53,4902.4,2026-08-24 11:39:00,SIMULATED_BACKTEST
696,EaseMyTrip,BLR,DEL,2026-08-25,1,7941.18,2239.82,10181.0,2026-08-24 11:39:00,SIMULATED_BACKTEST
697,EaseMyTrip,BLR,DEL,2026-08-31,7,6161.94,1737.98,7899.92,2026-08-24 11:39:00,SIMULATED_BACKTEST
698,EaseMyTrip,BLR,DEL,2026-09-08,15,5217.42,1471.58,6689.0,2026-08-24 11:39:00,SIMULATED_BACKTEST
699,EaseMyTrip,BLR,DEL,2026-09-23,30,4669.64,1317.08,5986.72,2026-08-24 11:39:00,SIMULATED_BACKTEST
700,EaseMyTrip,BLR,DEL,2026-10-08,45,4195.78,1183.42,5379.2,2026-08-24 11:39:00,SIMULATED_BACKTEST
701,EaseMyTrip,BLR,BOM,2026-08-25,1,4613.9,1301.35,5915.25,2026-08-24 11:39:00,SIMULATED_BACKTEST
702,EaseMyTrip,BLR,BOM,2026-08-31,7,3603.33,1016.32,4619.65,2026-08-24 11:39:00,SIMULATED_BACKTEST
703,EaseMyTrip,BLR,BOM,2026-09-08,15,3047.07,859.43,3906.5,2026-08-24 11:39:00,SIMULATED_BACKTEST
704,EaseMyTrip,BLR,BOM,2026-09-23,30,2674.15,754.25,3428.4,2026-08-24 11:39:00,SIMULATED_BACKTEST
705,EaseMyTrip,BLR,BOM,2026-10-08,45,2483.52,700.48,3184.0,2026-08-24 11:39:00,SIMULATED_BACKTEST
706,EaseMyTrip,DEL,HYD,2026-08-25,1,5901.95,1664.65,7566.6,2026-08-24 11:39:00,SIMULATED_BACKTEST
707,EaseMyTrip,DEL,HYD,2026-08-31,7,4648.92,1311.23,5960.15,2026-08-24 11:39:00,SIMULATED_BACKTEST
708,EaseMyTrip,DEL,HYD,2026-09-08,15,3936.97,1110.43,5047.4,2026-08-24 11:39:00,SIMULATED_BACKTEST
709,EaseMyTrip,DEL,HYD,2026-09-23,30,3501.6,987.63,4489.23,2026-08-24 11:39:00,SIMULATED_BACKTEST
710,EaseMyTrip,DEL,HYD,2026-10-08,45,3114.63,878.49,3993.12,2026-08-24 11:39:00,SIMULATED_BACKTEST
711,EaseMyTrip,DEL,PNQ,2026-08-25,1,5285.48,1490.77,6776.25,2026-08-24 11:39:00,SIMULATED_BACKTEST
712,EaseMyTrip,DEL,PNQ,2026-08-31,7,4078.41,1150.32,5228.73,2026-08-24 11:39:00,SIMULATED_BACKTEST
713,EaseMyTrip,DEL,PNQ,2026-09-08,15,3515.85,991.65,4507.5,2026-08-24 11:39:00,SIMULATED_BACKTEST
714,EaseMyTrip,DEL,PNQ,2026-09-23,30,3055.01,861.67,3916.68,2026-08-24 11:39:00,SIMULATED_BACKTEST
715,EaseMyTrip,DEL,PNQ,2026-10-08,45,2814.08,793.72,3607.8,2026-08-24 11:39:00,SIMULATED_BACKTEST
716,EaseMyTrip,DEL,CCU,2026-08-25,1,6680.31,1884.19,8564.5,2026-08-24 11:39:00,SIMULATED_BACKTEST
717,EaseMyTrip,DEL,CCU,2026-08-31,7,5281.27,1489.59,6770.86,2026-08-24 11:39:00,SIMULATED_BACKTEST
718,EaseMyTrip,DEL,CCU,2026-09-08,15,4447.56,1254.44,5702.0,2026-08-24 11:39:00,SIMULATED_BACKTEST
719,EaseMyTrip,DEL,CCU,2026-09-23,30,3883.43,1095.33,4978.76,2026-08-24 11:39:00,SIMULATED_BACKTEST
720,EaseMyTrip,DEL,CCU,2026-10-08,45,3597.05,1014.55,4611.6,2026-08-24 11:39:00,SIMULATED_BACKTEST
721,EaseMyTrip,DEL,BOM,2026-08-26,1,7253.22,2045.78,9299.0,2026-08-25 08:42:00,SIMULATED_BACKTEST
722,EaseMyTrip,DEL,BOM,2026-09-01,7,5730.22,1616.22,7346.44,2026-08-25 08:42:00,SIMULATED_BACKTEST
723,EaseMyTrip,DEL,BOM,2026-09-09,15,4791.54,1351.46,6143.0,2026-08-25 08:42:00,SIMULATED_BACKTEST
724,EaseMyTrip,DEL,BOM,2026-09-24,30,4215.93,1189.11,5405.04,2026-08-25 08:42:00,SIMULATED_BACKTEST
725,EaseMyTrip,DEL,BOM,2026-10-09,45,3857.41,1087.99,4945.4,2026-08-25 08:42:00,SIMULATED_BACKTEST
726,EaseMyTrip,BLR,DEL,2026-08-26,1,7899.84,2228.16,10128.0,2026-08-25 08:42:00,SIMULATED_BACKTEST
727,EaseMyTrip,BLR,DEL,2026-09-01,7,6244.62,1761.3,8005.92,2026-08-25 08:42:00,SIMULATED_BACKTEST
728,EaseMyTrip,BLR,DEL,2026-09-09,15,5222.1,1472.9,6695.0,2026-08-25 08:42:00,SIMULATED_BACKTEST
729,EaseMyTrip,BLR,DEL,2026-09-24,30,4632.2,1306.52,5938.72,2026-08-25 08:42:00,SIMULATED_BACKTEST
730,EaseMyTrip,BLR,DEL,2026-10-09,45,4248.82,1198.38,5447.2,2026-08-25 08:42:00,SIMULATED_BACKTEST
731,EaseMyTrip,BLR,BOM,2026-08-26,1,4674.74,1318.51,5993.25,2026-08-25 08:42:00,SIMULATED_BACKTEST
732,EaseMyTrip,BLR,BOM,2026-09-01,7,3699.27,1043.38,4742.65,2026-08-25 08:42:00,SIMULATED_BACKTEST
733,EaseMyTrip,BLR,BOM,2026-09-09,15,3128.97,882.53,4011.5,2026-08-25 08:42:00,SIMULATED_BACKTEST
734,EaseMyTrip,BLR,BOM,2026-09-24,30,2750.59,775.81,3526.4,2026-08-25 08:42:00,SIMULATED_BACKTEST
735,EaseMyTrip,BLR,BOM,2026-10-09,45,2468.7,696.3,3165.0,2026-08-25 08:42:00,SIMULATED_BACKTEST
736,EaseMyTrip,DEL,HYD,2026-08-26,1,5876.21,1657.39,7533.6,2026-08-25 08:42:00,SIMULATED_BACKTEST
737,EaseMyTrip,DEL,HYD,2026-09-01,7,4671.54,1317.61,5989.15,2026-08-25 08:42:00,SIMULATED_BACKTEST
738,EaseMyTrip,DEL,HYD,2026-09-09,15,3961.93,1117.47,5079.4,2026-08-25 08:42:00,SIMULATED_BACKTEST
739,EaseMyTrip,DEL,HYD,2026-09-24,30,3500.04,987.19,4487.23,2026-08-25 08:42:00,SIMULATED_BACKTEST
740,EaseMyTrip,DEL,HYD,2026-10-09,45,3099.81,874.31,3974.12,2026-08-25 08:42:00,SIMULATED_BACKTEST
741,EaseMyTrip,DEL,PNQ,2026-08-26,1,5251.94,1481.31,6733.25,2026-08-25 08:42:00,SIMULATED_BACKTEST
742,EaseMyTrip,DEL,PNQ,2026-09-01,7,4093.23,1154.5,5247.73,2026-08-25 08:42:00,SIMULATED_BACKTEST
743,EaseMyTrip,DEL,PNQ,2026-09-09,15,3437.07,969.43,4406.5,2026-08-25 08:42:00,SIMULATED_BACKTEST
744,EaseMyTrip,DEL,PNQ,2026-09-24,30,3122.09,880.59,4002.68,2026-08-25 08:42:00,SIMULATED_BACKTEST
745,EaseMyTrip,DEL,PNQ,2026-10-09,45,2778.98,783.82,3562.8,2026-08-25 08:42:00,SIMULATED_BACKTEST
746,EaseMyTrip,DEL,CCU,2026-08-26,1,6674.85,1882.65,8557.5,2026-08-25 08:42:00,SIMULATED_BACKTEST
747,EaseMyTrip,DEL,CCU,2026-09-01,7,5236.81,1477.05,6713.86,2026-08-25 08:42:00,SIMULATED_BACKTEST
748,EaseMyTrip,DEL,CCU,2026-09-09,15,4421.82,1247.18,5669.0,2026-08-25 08:42:00,SIMULATED_BACKTEST
749,EaseMyTrip,DEL,CCU,2026-09-24,30,3953.63,1115.13,5068.76,2026-08-25 08:42:00,SIMULATED_BACKTEST
750,EaseMyTrip,DEL,CCU,2026-10-09,45,3626.69,1022.91,4649.6,2026-08-25 08:42:00,SIMULATED_BACKTEST
751,EaseMyTrip,DEL,BOM,2026-08-27,1,7296.12,2057.88,9354.0,2026-08-26 09:45:00,SIMULATED_BACKTEST
752,EaseMyTrip,DEL,BOM,2026-09-02,7,5674.06,1600.38,7274.44,2026-08-26 09:45:00,SIMULATED_BACKTEST
753,EaseMyTrip,DEL,BOM,2026-09-10,15,4885.14,1377.86,6263.0,2026-08-26 09:45:00,SIMULATED_BACKTEST
754,EaseMyTrip,DEL,BOM,2026-09-25,30,4228.41,1192.63,5421.04,2026-08-26 09:45:00,SIMULATED_BACKTEST
755,EaseMyTrip,DEL,BOM,2026-10-10,45,3887.83,1096.57,4984.4,2026-08-26 09:45:00,SIMULATED_BACKTEST
756,EaseMyTrip,BLR,DEL,2026-08-27,1,7874.1,2220.9,10095.0,2026-08-26 09:45:00,SIMULATED_BACKTEST
757,EaseMyTrip,BLR,DEL,2026-09-02,7,6168.96,1739.96,7908.92,2026-08-26 09:45:00,SIMULATED_BACKTEST
758,EaseMyTrip,BLR,DEL,2026-09-10,15,5254.08,1481.92,6736.0,2026-08-26 09:45:00,SIMULATED_BACKTEST
759,EaseMyTrip,BLR,DEL,2026-09-25,30,4675.1,1318.62,5993.72,2026-08-26 09:45:00,SIMULATED_BACKTEST
760,EaseMyTrip,BLR,DEL,2026-10-10,45,4227.76,1192.44,5420.2,2026-08-26 09:45:00,SIMULATED_BACKTEST
761,EaseMyTrip,BLR,BOM,2026-08-27,1,4686.44,1321.81,6008.25,2026-08-26 09:45:00,SIMULATED_BACKTEST
762,EaseMyTrip,BLR,BOM,2026-09-02,7,3625.17,1022.48,4647.65,2026-08-26 09:45:00,SIMULATED_BACKTEST
763,EaseMyTrip,BLR,BOM,2026-09-10,15,3137.55,884.95,4022.5,2026-08-26 09:45:00,SIMULATED_BACKTEST
764,EaseMyTrip,BLR,BOM,2026-09-25,30,2773.99,782.41,3556.4,2026-08-26 09:45:00,SIMULATED_BACKTEST
765,EaseMyTrip,BLR,BOM,2026-10-10,45,2501.46,705.54,3207.0,2026-08-26 09:45:00,SIMULATED_BACKTEST
766,EaseMyTrip,DEL,HYD,2026-08-27,1,5929.25,1672.35,7601.6,2026-08-26 09:45:00,SIMULATED_BACKTEST
767,EaseMyTrip,DEL,HYD,2026-09-02,7,4611.48,1300.67,5912.15,2026-08-26 09:45:00,SIMULATED_BACKTEST
768,EaseMyTrip,DEL,HYD,2026-09-10,15,3920.59,1105.81,5026.4,2026-08-26 09:45:00,SIMULATED_BACKTEST
769,EaseMyTrip,DEL,HYD,2026-09-25,30,3460.26,975.97,4436.23,2026-08-26 09:45:00,SIMULATED_BACKTEST
770,EaseMyTrip,DEL,HYD,2026-10-10,45,3105.27,875.85,3981.12,2026-08-26 09:45:00,SIMULATED_BACKTEST
771,EaseMyTrip,DEL,PNQ,2026-08-27,1,5205.91,1468.34,6674.25,2026-08-26 09:45:00,SIMULATED_BACKTEST
772,EaseMyTrip,DEL,PNQ,2026-09-02,7,4131.45,1165.28,5296.73,2026-08-26 09:45:00,SIMULATED_BACKTEST
773,EaseMyTrip,DEL,PNQ,2026-09-10,15,3469.83,978.67,4448.5,2026-08-26 09:45:00,SIMULATED_BACKTEST
774,EaseMyTrip,DEL,PNQ,2026-09-25,30,3094.01,872.67,3966.68,2026-08-26 09:45:00,SIMULATED_BACKTEST
775,EaseMyTrip,DEL,PNQ,2026-10-10,45,2756.36,777.44,3533.8,2026-08-26 09:45:00,SIMULATED_BACKTEST
776,EaseMyTrip,DEL,CCU,2026-08-27,1,6716.19,1894.31,8610.5,2026-08-26 09:45:00,SIMULATED_BACKTEST
777,EaseMyTrip,DEL,CCU,2026-09-02,7,5248.51,1480.35,6728.86,2026-08-26 09:45:00,SIMULATED_BACKTEST
778,EaseMyTrip,DEL,CCU,2026-09-10,15,4461.6,1258.4,5720.0,2026-08-26 09:45:00,SIMULATED_BACKTEST
779,EaseMyTrip,DEL,CCU,2026-09-25,30,3899.03,1099.73,4998.76,2026-08-26 09:45:00,SIMULATED_BACKTEST
780,EaseMyTrip,DEL,CCU,2026-10-10,45,3544.79,999.81,4544.6,2026-08-26 09:45:00,SIMULATED_BACKTEST
781,EaseMyTrip,DEL,BOM,2026-08-28,1,5892.12,1661.88,7554.0,2026-08-27 10:48:00,SIMULATED_BACKTEST
782,EaseMyTrip,DEL,BOM,2026-09-03,7,4624.56,1304.36,5928.92,2026-08-27 10:48:00,SIMULATED_BACKTEST
783,EaseMyTrip,DEL,BOM,2026-09-11,15,3882.06,1094.94,4977.0,2026-08-27 10:48:00,SIMULATED_BACKTEST
784,EaseMyTrip,DEL,BOM,2026-09-26,30,3473.9,979.82,4453.72,2026-08-27 10:48:00,SIMULATED_BACKTEST
785,EaseMyTrip,DEL,BOM,2026-10-11,45,3134.2,884.0,4018.2,2026-08-27 10:48:00,SIMULATED_BACKTEST
786,EaseMyTrip,BLR,DEL,2026-08-28,1,6872.74,1938.46,8811.2,2026-08-27 10:48:00,SIMULATED_BACKTEST
787,EaseMyTrip,BLR,DEL,2026-09-03,7,5328.07,1502.79,6830.86,2026-08-27 10:48:00,SIMULATED_BACKTEST
788,EaseMyTrip,BLR,DEL,2026-09-11,15,4512.14,1272.66,5784.8,2026-08-27 10:48:00,SIMULATED_BACKTEST
789,EaseMyTrip,BLR,DEL,2026-09-26,30,3965.85,1118.57,5084.42,2026-08-27 10:48:00,SIMULATED_BACKTEST
790,EaseMyTrip,BLR,DEL,2026-10-11,45,3622.2,1021.64,4643.84,2026-08-27 10:48:00,SIMULATED_BACKTEST
791,EaseMyTrip,BLR,BOM,2026-08-28,1,4153.5,1171.5,5325.0,2026-08-27 10:48:00,SIMULATED_BACKTEST
792,EaseMyTrip,BLR,BOM,2026-09-03,7,3289.92,927.92,4217.84,2026-08-27 10:48:00,SIMULATED_BACKTEST
793,EaseMyTrip,BLR,BOM,2026-09-11,15,2843.88,802.12,3646.0,2026-08-27 10:48:00,SIMULATED_BACKTEST
794,EaseMyTrip,BLR,BOM,2026-09-26,30,2487.76,701.68,3189.44,2026-08-27 10:48:00,SIMULATED_BACKTEST
795,EaseMyTrip,BLR,BOM,2026-10-11,45,2203.81,621.59,2825.4,2026-08-27 10:48:00,SIMULATED_BACKTEST
796,EaseMyTrip,DEL,HYD,2026-08-28,1,4992.16,1408.04,6400.2,2026-08-27 10:48:00,SIMULATED_BACKTEST
797,EaseMyTrip,DEL,HYD,2026-09-03,7,3974.93,1121.13,5096.06,2026-08-27 10:48:00,SIMULATED_BACKTEST
798,EaseMyTrip,DEL,HYD,2026-09-11,15,3390.5,956.3,4346.8,2026-08-27 10:48:00,SIMULATED_BACKTEST
799,EaseMyTrip,DEL,HYD,2026-09-26,30,2909.1,820.52,3729.62,2026-08-27 10:48:00,SIMULATED_BACKTEST
800,EaseMyTrip,DEL,HYD,2026-10-11,45,2720.52,767.32,3487.84,2026-08-27 10:48:00,SIMULATED_BACKTEST
801,EaseMyTrip,DEL,PNQ,2026-08-28,1,4720.87,1331.53,6052.4,2026-08-27 10:48:00,SIMULATED_BACKTEST
802,EaseMyTrip,DEL,PNQ,2026-09-03,7,3729.03,1051.78,4780.81,2026-08-27 10:48:00,SIMULATED_BACKTEST
803,EaseMyTrip,DEL,PNQ,2026-09-11,15,3103.31,875.29,3978.6,2026-08-27 10:48:00,SIMULATED_BACKTEST
804,EaseMyTrip,DEL,PNQ,2026-09-26,30,2757.4,777.73,3535.13,2026-08-27 10:48:00,SIMULATED_BACKTEST
805,EaseMyTrip,DEL,PNQ,2026-10-11,45,2529.91,713.57,3243.48,2026-08-27 10:48:00,SIMULATED_BACKTEST
806,EaseMyTrip,DEL,CCU,2026-08-28,1,6030.8,1701.0,7731.8,2026-08-27 10:48:00,SIMULATED_BACKTEST
807,EaseMyTrip,DEL,CCU,2026-09-03,7,4805.16,1355.3,6160.46,2026-08-27 10:48:00,SIMULATED_BACKTEST
808,EaseMyTrip,DEL,CCU,2026-09-11,15,4003.12,1129.08,5132.2,2026-08-27 10:48:00,SIMULATED_BACKTEST
809,EaseMyTrip,DEL,CCU,2026-09-26,30,3545.65,1000.05,4545.7,2026-08-27 10:48:00,SIMULATED_BACKTEST
810,EaseMyTrip,DEL,CCU,2026-10-11,45,3214.66,906.7,4121.36,2026-08-27 10:48:00,SIMULATED_BACKTEST
811,EaseMyTrip,DEL,BOM,2026-08-29,1,5966.38,1682.82,7649.2,2026-08-28 11:51:00,SIMULATED_BACKTEST
812,EaseMyTrip,DEL,BOM,2026-09-04,7,4658.71,1313.99,5972.7,2026-08-28 11:51:00,SIMULATED_BACKTEST
813,EaseMyTrip,DEL,BOM,2026-09-12,15,3976.28,1121.52,5097.8,2026-08-28 11:51:00,SIMULATED_BACKTEST
814,EaseMyTrip,DEL,BOM,2026-09-27,30,3494.29,985.57,4479.86,2026-08-28 11:51:00,SIMULATED_BACKTEST
815,EaseMyTrip,DEL,BOM,2026-10-12,45,3148.27,887.97,4036.24,2026-08-28 11:51:00,SIMULATED_BACKTEST
816,EaseMyTrip,BLR,DEL,2026-08-29,1,6882.44,1941.2,8823.64,2026-08-28 11:51:00,SIMULATED_BACKTEST
817,EaseMyTrip,BLR,DEL,2026-09-04,7,5430.3,1531.62,6961.92,2026-08-28 11:51:00,SIMULATED_BACKTEST
818,EaseMyTrip,BLR,DEL,2026-09-12,15,4567.49,1288.27,5855.76,2026-08-28 11:51:00,SIMULATED_BACKTEST
819,EaseMyTrip,BLR,DEL,2026-09-27,30,4079.39,1150.6,5229.99,2026-08-28 11:51:00,SIMULATED_BACKTEST
820,EaseMyTrip,BLR,DEL,2026-10-12,45,3684.57,1039.24,4723.81,2026-08-28 11:51:00,SIMULATED_BACKTEST
821,EaseMyTrip,BLR,BOM,2026-08-29,1,4251.31,1199.09,5450.4,2026-08-28 11:51:00,SIMULATED_BACKTEST
822,EaseMyTrip,BLR,BOM,2026-09-04,7,3354.32,946.09,4300.41,2026-08-28 11:51:00,SIMULATED_BACKTEST
823,EaseMyTrip,BLR,BOM,2026-09-12,15,2786.63,785.97,3572.6,2026-08-28 11:51:00,SIMULATED_BACKTEST
824,EaseMyTrip,BLR,BOM,2026-09-27,30,2498.91,704.82,3203.73,2026-08-28 11:51:00,SIMULATED_BACKTEST
825,EaseMyTrip,BLR,BOM,2026-10-12,45,2237.41,631.07,2868.48,2026-08-28 11:51:00,SIMULATED_BACKTEST
826,EaseMyTrip,DEL,HYD,2026-08-29,1,5004.98,1411.66,6416.64,2026-08-28 11:51:00,SIMULATED_BACKTEST
827,EaseMyTrip,DEL,HYD,2026-09-04,7,3979.53,1122.43,5101.96,2026-08-28 11:51:00,SIMULATED_BACKTEST
828,EaseMyTrip,DEL,HYD,2026-09-12,15,3385.01,954.75,4339.76,2026-08-28 11:51:00,SIMULATED_BACKTEST
829,EaseMyTrip,DEL,HYD,2026-09-27,30,2998.03,845.6,3843.63,2026-08-28 11:51:00,SIMULATED_BACKTEST
830,EaseMyTrip,DEL,HYD,2026-10-12,45,2640.46,744.75,3385.21,2026-08-28 11:51:00,SIMULATED_BACKTEST
831,EaseMyTrip,DEL,PNQ,2026-08-29,1,4818.12,1358.96,6177.08,2026-08-28 11:51:00,SIMULATED_BACKTEST
832,EaseMyTrip,DEL,PNQ,2026-09-04,7,3743.63,1055.9,4799.53,2026-08-28 11:51:00,SIMULATED_BACKTEST
833,EaseMyTrip,DEL,PNQ,2026-09-12,15,3152.54,889.18,4041.72,2026-08-28 11:51:00,SIMULATED_BACKTEST
834,EaseMyTrip,DEL,PNQ,2026-09-27,30,2817.76,794.75,3612.51,2026-08-28 11:51:00,SIMULATED_BACKTEST
835,EaseMyTrip,DEL,PNQ,2026-10-12,45,2593.02,731.36,3324.38,2026-08-28 11:51:00,SIMULATED_BACKTEST
836,EaseMyTrip,DEL,CCU,2026-08-29,1,6052.46,1707.1,7759.56,2026-08-28 11:51:00,SIMULATED_BACKTEST
837,EaseMyTrip,DEL,CCU,2026-09-04,7,4843.39,1366.08,6209.47,2026-08-28 11:51:00,SIMULATED_BACKTEST
838,EaseMyTrip,DEL,CCU,2026-09-12,15,4122.33,1162.71,5285.04,2026-08-28 11:51:00,SIMULATED_BACKTEST
839,EaseMyTrip,DEL,CCU,2026-09-27,30,3541.79,998.97,4540.76,2026-08-28 11:51:00,SIMULATED_BACKTEST
840,EaseMyTrip,DEL,CCU,2026-10-12,45,3246.54,915.69,4162.23,2026-08-28 11:51:00,SIMULATED_BACKTEST
841,EaseMyTrip,DEL,BOM,2026-08-30,1,5637.84,1590.16,7228.0,2026-08-29 08:54:00,SIMULATED_BACKTEST
842,EaseMyTrip,DEL,BOM,2026-09-05,7,4480.32,1263.68,5744.0,2026-08-29 08:54:00,SIMULATED_BACKTEST
843,EaseMyTrip,DEL,BOM,2026-09-13,15,3765.06,1061.94,4827.0,2026-08-29 08:54:00,SIMULATED_BACKTEST
844,EaseMyTrip,DEL,BOM,2026-09-28,30,3311.88,934.12,4246.0,2026-08-29 08:54:00,SIMULATED_BACKTEST
845,EaseMyTrip,DEL,BOM,2026-10-13,45,3003.78,847.22,3851.0,2026-08-29 08:54:00,SIMULATED_BACKTEST
846,EaseMyTrip,BLR,DEL,2026-08-30,1,6601.14,1861.86,8463.0,2026-08-29 08:54:00,SIMULATED_BACKTEST
847,EaseMyTrip,BLR,DEL,2026-09-05,7,5206.97,1468.63,6675.6,2026-08-29 08:54:00,SIMULATED_BACKTEST
848,EaseMyTrip,BLR,DEL,2026-09-13,15,4362.54,1230.46,5593.0,2026-08-29 08:54:00,SIMULATED_BACKTEST
849,EaseMyTrip,BLR,DEL,2026-09-28,30,3810.77,1074.83,4885.6,2026-08-29 08:54:00,SIMULATED_BACKTEST
850,EaseMyTrip,BLR,DEL,2026-10-13,45,3543.54,999.46,4543.0,2026-08-29 08:54:00,SIMULATED_BACKTEST
851,EaseMyTrip,BLR,BOM,2026-08-30,1,4073.94,1149.06,5223.0,2026-08-29 08:54:00,SIMULATED_BACKTEST
852,EaseMyTrip,BLR,BOM,2026-09-05,7,3215.94,907.06,4123.0,2026-08-29 08:54:00,SIMULATED_BACKTEST
853,EaseMyTrip,BLR,BOM,2026-09-13,15,2695.68,760.32,3456.0,2026-08-29 08:54:00,SIMULATED_BACKTEST
854,EaseMyTrip,BLR,BOM,2026-09-28,30,2340.78,660.22,3001.0,2026-08-29 08:54:00,SIMULATED_BACKTEST
855,EaseMyTrip,BLR,BOM,2026-10-13,45,2133.3,601.7,2735.0,2026-08-29 08:54:00,SIMULATED_BACKTEST
856,EaseMyTrip,DEL,HYD,2026-08-30,1,4816.5,1358.5,6175.0,2026-08-29 08:54:00,SIMULATED_BACKTEST
857,EaseMyTrip,DEL,HYD,2026-09-05,7,3777.23,1065.37,4842.6,2026-08-29 08:54:00,SIMULATED_BACKTEST
858,EaseMyTrip,DEL,HYD,2026-09-13,15,3192.54,900.46,4093.0,2026-08-29 08:54:00,SIMULATED_BACKTEST
859,EaseMyTrip,DEL,HYD,2026-09-28,30,2782.73,784.87,3567.6,2026-08-29 08:54:00,SIMULATED_BACKTEST
860,EaseMyTrip,DEL,HYD,2026-10-13,45,2598.18,732.82,3331.0,2026-08-29 08:54:00,SIMULATED_BACKTEST
861,EaseMyTrip,DEL,PNQ,2026-08-30,1,4598.88,1297.12,5896.0,2026-08-29 08:54:00,SIMULATED_BACKTEST
862,EaseMyTrip,DEL,PNQ,2026-09-05,7,3598.3,1014.9,4613.2,2026-08-29 08:54:00,SIMULATED_BACKTEST
863,EaseMyTrip,DEL,PNQ,2026-09-13,15,3062.28,863.72,3926.0,2026-08-29 08:54:00,SIMULATED_BACKTEST
864,EaseMyTrip,DEL,PNQ,2026-09-28,30,2674.78,754.42,3429.2,2026-08-29 08:54:00,SIMULATED_BACKTEST
865,EaseMyTrip,DEL,PNQ,2026-10-13,45,2380.56,671.44,3052.0,2026-08-29 08:54:00,SIMULATED_BACKTEST
866,EaseMyTrip,DEL,CCU,2026-08-30,1,5781.36,1630.64,7412.0,2026-08-29 08:54:00,SIMULATED_BACKTEST
867,EaseMyTrip,DEL,CCU,2026-09-05,7,4634.29,1307.11,5941.4,2026-08-29 08:54:00,SIMULATED_BACKTEST
868,EaseMyTrip,DEL,CCU,2026-09-13,15,3859.44,1088.56,4948.0,2026-08-29 08:54:00,SIMULATED_BACKTEST
869,EaseMyTrip,DEL,CCU,2026-09-28,30,3456.49,974.91,4431.4,2026-08-29 08:54:00,SIMULATED_BACKTEST
870,EaseMyTrip,DEL,CCU,2026-10-13,45,3157.44,890.56,4048.0,2026-08-29 08:54:00,SIMULATED_BACKTEST
871,EaseMyTrip,DEL,BOM,2026-08-31,1,5762.02,1625.18,7387.2,2026-08-30 09:57:00,SIMULATED_BACKTEST
872,EaseMyTrip,DEL,BOM,2026-09-06,7,4505.89,1270.89,5776.78,2026-08-30 09:57:00,SIMULATED_BACKTEST
873,EaseMyTrip,DEL,BOM,2026-09-14,15,3804.68,1073.12,4877.8,2026-08-30 09:57:00,SIMULATED_BACKTEST
874,EaseMyTrip,DEL,BOM,2026-09-29,30,3393.11,957.03,4350.14,2026-08-30 09:57:00,SIMULATED_BACKTEST
875,EaseMyTrip,DEL,BOM,2026-10-14,45,3046.71,859.33,3906.04,2026-08-30 09:57:00,SIMULATED_BACKTEST
876,EaseMyTrip,BLR,DEL,2026-08-31,1,6582.76,1856.68,8439.44,2026-08-30 09:57:00,SIMULATED_BACKTEST
877,EaseMyTrip,BLR,DEL,2026-09-06,7,5211.69,1469.96,6681.65,2026-08-30 09:57:00,SIMULATED_BACKTEST
878,EaseMyTrip,BLR,DEL,2026-09-14,15,4406.19,1242.77,5648.96,2026-08-30 09:57:00,SIMULATED_BACKTEST
879,EaseMyTrip,BLR,DEL,2026-09-29,30,3862.68,1089.48,4952.16,2026-08-30 09:57:00,SIMULATED_BACKTEST
880,EaseMyTrip,BLR,DEL,2026-10-14,45,3560.68,1004.29,4564.97,2026-08-30 09:57:00,SIMULATED_BACKTEST
881,EaseMyTrip,BLR,BOM,2026-08-31,1,4051.63,1142.77,5194.4,2026-08-30 09:57:00,SIMULATED_BACKTEST
882,EaseMyTrip,BLR,BOM,2026-09-06,7,3168.8,893.77,4062.57,2026-08-30 09:57:00,SIMULATED_BACKTEST
883,EaseMyTrip,BLR,BOM,2026-09-14,15,2731.25,770.35,3501.6,2026-08-30 09:57:00,SIMULATED_BACKTEST
884,EaseMyTrip,BLR,BOM,2026-09-29,30,2402.63,677.66,3080.29,2026-08-30 09:57:00,SIMULATED_BACKTEST
885,EaseMyTrip,BLR,BOM,2026-10-14,45,2148.18,605.9,2754.08,2026-08-30 09:57:00,SIMULATED_BACKTEST
886,EaseMyTrip,DEL,HYD,2026-08-31,1,4830.1,1362.34,6192.44,2026-08-30 09:57:00,SIMULATED_BACKTEST
887,EaseMyTrip,DEL,HYD,2026-09-06,7,3813.8,1075.69,4889.49,2026-08-30 09:57:00,SIMULATED_BACKTEST
888,EaseMyTrip,DEL,HYD,2026-09-14,15,3254.13,917.83,4171.96,2026-08-30 09:57:00,SIMULATED_BACKTEST
889,EaseMyTrip,DEL,HYD,2026-09-29,30,2873.21,810.39,3683.6,2026-08-30 09:57:00,SIMULATED_BACKTEST
890,EaseMyTrip,DEL,HYD,2026-10-14,45,2537.63,715.74,3253.37,2026-08-30 09:57:00,SIMULATED_BACKTEST
891,EaseMyTrip,DEL,PNQ,2026-08-31,1,4571.33,1289.35,5860.68,2026-08-30 09:57:00,SIMULATED_BACKTEST
892,EaseMyTrip,DEL,PNQ,2026-09-06,7,3633.18,1024.74,4657.92,2026-08-30 09:57:00,SIMULATED_BACKTEST
893,EaseMyTrip,DEL,PNQ,2026-09-14,15,3067.83,865.29,3933.12,2026-08-30 09:57:00,SIMULATED_BACKTEST
894,EaseMyTrip,DEL,PNQ,2026-09-29,30,2738.26,772.33,3510.59,2026-08-30 09:57:00,SIMULATED_BACKTEST
895,EaseMyTrip,DEL,PNQ,2026-10-14,45,2491.24,702.66,3193.9,2026-08-30 09:57:00,SIMULATED_BACKTEST
896,EaseMyTrip,DEL,CCU,2026-08-31,1,5823.29,1642.47,7465.76,2026-08-30 09:57:00,SIMULATED_BACKTEST
897,EaseMyTrip,DEL,CCU,2026-09-06,7,4601.54,1297.87,5899.41,2026-08-30 09:57:00,SIMULATED_BACKTEST
898,EaseMyTrip,DEL,CCU,2026-09-14,15,3940.44,1111.4,5051.84,2026-08-30 09:57:00,SIMULATED_BACKTEST
899,EaseMyTrip,DEL,CCU,2026-09-29,30,3479.16,981.3,4460.46,2026-08-30 09:57:00,SIMULATED_BACKTEST
900,EaseMyTrip,DEL,CCU,2026-10-14,45,3160.46,891.41,4051.87,2026-08-30 09:57:00,SIMULATED_BACKTEST
